Id_emp,Name,Last_name,birth_date,gender,area,salary,email,type
41-2225304,Ezekiel,A'Barrow,1999-02-18,male,"Business Development",80709,Ezekiel_A'.R@example.com,REMOTE
01-0027092,Jock,Aarons,1988-12-23,female,Engineering,173688,Jock_Aa.R@example.com,REMOTE
82-2860536,Ferrel,Aartsen,1995-07-13,female,Accounting,117511,Ferrel_Aa.H@example.com,HYBRID
18-0367857,Marge,Abate,1973-03-25,female,Engineering,112662,Marge_Ab.H@example.com,HYBRID
35-4558116,Lisa,Abatelli,1980-03-19,female,Accounting,116635,Lisa_Ab.H@example.com,HYBRID
76-7456746,Ado,Abatelli,1975-10-27,male,Accounting,84683,Ado_Ab.H@example.com,HYBRID
76-2607804,Stoddard,Abatelli,1975-07-29,female,"Human Resources",107894,Stoddard_Ab.R@example.com,REMOTE
02-7423004,Sharleen,Abba,1994-02-04,female,Engineering,173241,Sharleen_Ab.H@example.com,HYBRID
52-1535671,Annabel,Abbado,2001-10-04,male,"Human Resources",114137,Annabel_Ab.H@example.com,HYBRID
65-9379141,Sandy,Abbey,1995-08-07,female,"Business Development",89591,Sandy_Ab.R@example.com,REMOTE
46-6951486,Tim,Abbie,1999-09-07,female,"Business Development",94796,Tim_Ab.H@example.com,HYBRID
03-5122131,Gladi,Abbot,1974-12-03,male,Accounting,149717,Gladi_Ab.R@example.com,REMOTE
05-2710257,Laurence,Abbot,2002-07-09,female,Engineering,137187,Laurence_Ab.H@example.com,HYBRID
05-6984388,Vittoria,Abbots,1972-10-28,male,Engineering,138509,Vittoria_Ab.H@example.com,HYBRID
21-0225498,Shellysheldon,Abbott,2002-03-02,female,Accounting,78880,Shellysheldon_Ab.R@example.com,REMOTE
30-8756028,Weider,Abby,1995-07-24,female,"Human Resources",181803,Weider_Ab.R@example.com,REMOTE
52-9799598,Leticia,Abbys,1997-01-31,male,Engineering,175563,Leticia_Ab.R@example.com,REMOTE
40-4809866,Wayland,Abeau,1978-09-04,male,Engineering,179529,Wayland_Ab.R@example.com,REMOTE
09-6007498,Daryl,Abeau,1975-08-09,female,"Human Resources",157066,Daryl_Ab.H@example.com,HYBRID
37-6038275,Lucienne,Abela,1992-06-26,female,Support,80599,Lucienne_Ab.R@example.com,REMOTE
44-7890623,Hope,Abeles,1978-01-25,female,Engineering,116571,Hope_Ab.H@example.com,HYBRID
59-6588155,Waldo,Abelov,1975-07-17,male,"Product Management",77546,Waldo_Ab.H@example.com,HYBRID
03-6259593,Sophey,Abelson,1978-06-21,male,"Research and Development",158580,Sophey_Ab.R@example.com,REMOTE
54-4029541,Domingo,Abendroth,1982-01-29,female,"Product Management",73828,Domingo_Ab.H@example.com,HYBRID
77-6125082,Goraud,Aberchirder,1995-11-15,female,Training,151781,Goraud_Ab.R@example.com,REMOTE
61-6204991,Esma,Aberdalgy,1986-11-01,female,Engineering,176250,Esma_Ab.H@example.com,HYBRID
29-0125171,Hildegaard,Aberdein,2000-08-25,male,Sales,105387,Hildegaard_Ab.R@example.com,REMOTE
17-7474380,Wren,Aberhart,1983-09-23,male,Accounting,183083,Wren_Ab.R@example.com,REMOTE
61-6008733,Meade,Aberhart,1970-07-27,female,"Business Development",75134,Meade_Ab.H@example.com,HYBRID
81-4119257,Issi,Abernethy,1974-08-20,male,"Human Resources",82631,Issi_Ab.R@example.com,REMOTE
25-6983034,Donelle,Ableson,1974-02-08,male,Engineering,131108,Donelle_Ab.H@example.com,HYBRID
67-8358027,Uri,Ableson,1974-03-28,male,Legal,143576,Uri_Ab.R@example.com,REMOTE
52-9368890,Joe,Ablett,1966-01-23,male,Engineering,172940,Joe_Ab.R@example.com,REMOTE
18-0527111,Gonzalo,Ablewhite,1969-04-28,male,"Research and Development",137336,Gonzalo_Ab.R@example.com,REMOTE
45-2863542,Rona,Abraham,1977-03-02,male,"Human Resources",81414,Rona_Ab.R@example.com,REMOTE
92-5424745,Hatty,Abrahamoff,1998-04-27,female,"Business Development",147532,Hatty_Ab.H@example.com,HYBRID
64-3262243,Winona,Abrahams,1988-12-26,male,Engineering,158332,Winona_Ab.H@example.com,HYBRID
06-5977037,Blinnie,Abrahams,1990-02-17,female,Services,157373,Blinnie_Ab.H@example.com,HYBRID
75-8614130,Idaline,Abrahamsen,1990-04-27,female,"Product Management",150699,Idaline_Ab.H@example.com,HYBRID
08-4616674,Alfie,Abrahamsen,1987-12-10,male,Training,76853,Alfie_Ab.R@example.com,REMOTE
51-3450987,Ansley,Abrahamson,1967-08-10,male,Sales,86649,Ansley_Ab.H@example.com,HYBRID
49-2733170,Kristy,Abrahart,1992-10-27,female,Legal,124846,Kristy_Ab.H@example.com,HYBRID
53-6207470,Tonye,Abrahim,1974-03-04,male,Engineering,168551,Tonye_Ab.H@example.com,HYBRID
74-6871846,Rea,Abrahmer,1974-06-11,male,Engineering,113359,Rea_Ab.R@example.com,REMOTE
29-2858175,Madalena,Abramcik,2001-04-03,female,Engineering,101979,Madalena_Ab.H@example.com,HYBRID
33-2788786,Oneida,Abramov,1970-11-28,male,Accounting,116659,Oneida_Ab.H@example.com,HYBRID
38-1101129,Rozelle,Abramov,1976-09-04,male,Accounting,166625,Rozelle_Ab.R@example.com,REMOTE
26-9690769,Flem,Abramovic,1981-05-18,female,Accounting,141541,Flem_Ab.H@example.com,HYBRID
52-5724869,Grover,Abramovicz,1976-03-14,male,Training,132274,Grover_Ab.H@example.com,HYBRID
13-5608210,Hort,Abramovicz,1972-06-10,male,Training,147949,Hort_Ab.R@example.com,REMOTE
05-2746611,Maryanne,Abramowsky,1967-07-07,female,Services,160655,Maryanne_Ab.R@example.com,REMOTE
80-4616749,Kristin,Abrams,1978-02-22,male,Training,125388,Kristin_Ab.R@example.com,REMOTE
35-3598428,Taite,Abramsky,1984-06-03,male,"Human Resources",180133,Taite_Ab.H@example.com,HYBRID
35-4637858,Norah,Abramsky,1993-06-08,female,"Product Management",169527,Norah_Ab.R@example.com,REMOTE
21-1612620,Helenelizabeth,Abrashkin,1987-03-16,male,Accounting,159062,Helenelizabeth_Ab.R@example.com,REMOTE
35-0869511,Bronson,Abrehart,1970-09-30,male,Services,135184,Bronson_Ab.H@example.com,HYBRID
63-7573792,Maiga,Abriani,2002-06-04,female,Sales,146273,Maiga_Ab.H@example.com,HYBRID
48-7352959,Rani,Abry,1975-05-04,male,Engineering,159585,Rani_Ab.R@example.com,REMOTE
62-1126370,Herta,Absolem,1984-04-15,female,Engineering,119383,Herta_Ab.R@example.com,REMOTE
43-0856248,Marya,Absolom,1972-05-17,male,"Human Resources",75910,Marya_Ab.H@example.com,HYBRID
39-5692742,Othilie,Absolon,1973-08-16,male,Support,149448,Othilie_Ab.H@example.com,HYBRID
43-6759648,Sheppard,Abyss,1975-08-10,male,Services,111311,Sheppard_Ab.H@example.com,HYBRID
74-4447730,Mickie,Accomb,1991-11-24,female,Engineering,107507,Mickie_Ac.R@example.com,REMOTE
21-0630754,Demetrius,Accomb,1981-08-22,female,"Product Management",71517,Demetrius_Ac.R@example.com,REMOTE
10-4556543,Kalvin,Accomb,1969-03-30,male,"Research and Development",106394,Kalvin_Ac.R@example.com,REMOTE
92-6606306,Winna,Ace,1998-01-06,male,Sales,115594,Winna_Ac.R@example.com,REMOTE
73-5299234,Krystal,Ackenhead,1989-07-10,male,Marketing,129627,Krystal_Ac.H@example.com,HYBRID
68-8643264,Gwyneth,Ackland,1968-03-13,female,Engineering,161883,Gwyneth_Ac.R@example.com,REMOTE
97-5139818,Briant,Acklands,1998-11-06,male,Training,156586,Briant_Ac.H@example.com,HYBRID
97-1768799,Traci,Ackroyd,1975-04-25,female,"Business Development",121844,Traci_Ac.H@example.com,HYBRID
30-2796116,Thaine,Ackroyd,1984-09-20,male,Training,117557,Thaine_Ac.R@example.com,REMOTE
58-2607179,Leonard,Acomb,1991-07-25,male,Engineering,131862,Leonard_Ac.R@example.com,REMOTE
73-8165266,Gusella,Acomb,2002-01-13,female,Services,122715,Gusella_Ac.R@example.com,REMOTE
11-9842435,Grace,Acory,1992-12-02,male,Services,168379,Grace_Ac.R@example.com,REMOTE
20-0208692,Daisie,Acres,1995-06-10,male,Engineering,66837,Daisie_Ac.H@example.com,HYBRID
87-8891385,Bari,Acres,1978-03-08,male,Engineering,88887,Bari_Ac.R@example.com,REMOTE
52-9246071,Felipe,Acton,1975-01-19,female,Engineering,161746,Felipe_Ac.H@example.com,HYBRID
27-3927804,Jordan,Acuna,1978-06-24,male,"Business Development",129067,Jordan_Ac.R@example.com,REMOTE
04-1746693,Gail,Adacot,1983-08-19,female,"Human Resources",128757,Gail_Ad.H@example.com,HYBRID
62-3588586,Jammie,Adam,1971-11-29,male,"Product Management",166866,Jammie_Ad.H@example.com,HYBRID
13-6613437,Bink,Adamczewski,1983-12-10,male,Training,122230,Bink_Ad.H@example.com,HYBRID
83-5883069,Ruth,Adamczyk,1968-09-29,female,Engineering,117198,Ruth_Ad.H@example.com,HYBRID
07-4454121,Kary,Adamec,1988-03-09,male,Engineering,158518,Kary_Ad.R@example.com,REMOTE
41-7636376,Egor,Adamini,1990-12-07,female,Accounting,66918,Egor_Ad.R@example.com,REMOTE
23-7480842,Abagael,Adamkiewicz,1986-05-06,female,Services,79470,Abagael_Ad.R@example.com,REMOTE
91-7858723,Roley,Adamkiewicz,1966-09-27,male,Training,71319,Roley_Ad.H@example.com,HYBRID
36-3267264,Ethyl,Adamoli,1980-10-22,male,Accounting,135278,Ethyl_Ad.R@example.com,REMOTE
60-8206259,Germana,Adamov,1973-05-21,male,Sales,170073,Germana_Ad.H@example.com,HYBRID
22-0576170,Zack,Adamovich,1995-08-10,female,Training,114278,Zack_Ad.R@example.com,REMOTE
46-7728311,Allie,Adamovitch,1998-03-01,female,Engineering,85282,Allie_Ad.H@example.com,HYBRID
06-2779852,Stanford,Adamovsky,1996-01-20,female,"Research and Development",125966,Stanford_Ad.H@example.com,HYBRID
88-3447836,Willey,Adamovsky,1990-05-22,female,Training,175447,Willey_Ad.H@example.com,HYBRID
83-7869391,Jeromy,Adamsky,1990-12-14,female,"Research and Development",183975,Jeromy_Ad.R@example.com,REMOTE
54-8539297,Odo,Adamsky,1970-07-08,male,Sales,94142,Odo_Ad.H@example.com,HYBRID
50-4582840,Bay,Adamsson,1984-08-03,male,Support,183973,Bay_Ad.H@example.com,HYBRID
76-8576746,Joseito,Adao,2001-11-23,male,Engineering,160824,Joseito_Ad.R@example.com,REMOTE
46-3532739,Stella,Adao,1987-08-19,male,"Product Management",111568,Stella_Ad.R@example.com,REMOTE
89-9617897,Ronalda,Addams,1980-04-18,male,"Business Development",98234,Ronalda_Ad.R@example.com,REMOTE
18-6128237,Bettina,Addams,1966-10-27,female,Engineering,78452,Bettina_Ad.H@example.com,HYBRID
46-8469222,Danya,Addams,1989-04-05,female,Sales,97816,Danya_Ad.H@example.com,HYBRID
63-5652436,Brinn,Addekin,1983-06-23,male,Accounting,121198,Brinn_Ad.H@example.com,HYBRID
02-2814569,Minor,Addess,1987-03-27,male,"Human Resources",91191,Minor_Ad.H@example.com,HYBRID
27-9666443,Tawnya,Addeycott,1970-09-19,male,Engineering,90679,Tawnya_Ad.R@example.com,REMOTE
97-3619493,Willabella,Addionisio,1977-08-30,female,Services,96040,Willabella_Ad.R@example.com,REMOTE
02-9343607,Kristy,Addionizio,1982-03-08,male,"Human Resources",117701,Kristy_Ad.R@example.com,REMOTE
37-2517888,Burtie,Addis,2002-03-11,female,Legal,151527,Burtie_Ad.H@example.com,HYBRID
71-4323141,Kynthia,Addyman,1974-01-18,male,Accounting,83595,Kynthia_Ad.R@example.com,REMOTE
63-5736612,Madalyn,Adelman,1975-10-26,female,"Business Development",134883,Madalyn_Ad.H@example.com,HYBRID
95-1741371,Jaquith,Adelman,1975-10-19,female,Engineering,105782,Jaquith_Ad.H@example.com,HYBRID
37-4563976,Ophelia,Adenot,1992-04-16,male,Accounting,156743,Ophelia_Ad.H@example.com,HYBRID
32-3628516,Barnabas,Adenot,1967-09-22,male,"Human Resources",95225,Barnabas_Ad.H@example.com,HYBRID
52-0694342,Dana,Adger,1978-02-28,male,Engineering,174226,Dana_Ad.R@example.com,REMOTE
71-7101555,Mildrid,Adhams,1977-02-08,female,"Product Management",169020,Mildrid_Ad.R@example.com,REMOTE
24-2930270,Hector,Adicot,1993-06-06,male,Marketing,145159,Hector_Ad.R@example.com,REMOTE
77-2486932,Charita,Adiscot,1989-07-08,male,Accounting,94404,Charita_Ad.R@example.com,REMOTE
22-0222868,Sabra,Adiscot,1995-06-25,female,"Human Resources",110227,Sabra_Ad.R@example.com,REMOTE
78-9650303,Scotty,Adkin,1997-11-15,female,Engineering,85904,Scotty_Ad.R@example.com,REMOTE
00-0363185,Sandro,Admans,1979-11-19,male,"Product Management",174195,Sandro_Ad.R@example.com,REMOTE
06-3937206,Ludwig,Adnam,1989-01-29,female,Support,117089,Ludwig_Ad.R@example.com,REMOTE
36-9779481,Lindsy,Adnam,1979-06-04,male,Support,154066,Lindsy_Ad.H@example.com,HYBRID
58-5200145,Deeanne,Adne,1966-03-29,male,Engineering,136221,Deeanne_Ad.R@example.com,REMOTE
03-3297312,Almeria,Adney,1983-08-20,female,Engineering,111737,Almeria_Ad.R@example.com,REMOTE
95-0624152,Portia,Adolf,1982-04-03,female,"Business Development",132942,Portia_Ad.R@example.com,REMOTE
40-1654370,Lilyan,Adolfsen,1981-03-15,male,Engineering,137066,Lilyan_Ad.H@example.com,HYBRID
13-4873330,Obie,Adolfsen,1998-12-06,male,Engineering,95880,Obie_Ad.H@example.com,HYBRID
95-2898280,Marcel,Adrain,1972-10-07,female,Training,120809,Marcel_Ad.R@example.com,REMOTE
96-1703888,Stevena,Adriaens,1999-06-14,male,Engineering,173868,Stevena_Ad.R@example.com,REMOTE
65-0889770,Wendye,Adrianello,1979-04-25,male,"Business Development",174871,Wendye_Ad.H@example.com,HYBRID
40-7643653,Eleanora,Adrien,2000-09-19,female,Engineering,107453,Eleanora_Ad.H@example.com,HYBRID
30-4043594,Freeman,Adshad,1974-10-17,female,Engineering,70971,Freeman_Ad.R@example.com,REMOTE
70-4852516,Jasmina,Adshead,1975-01-31,male,Accounting,135798,Jasmina_Ad.H@example.com,HYBRID
65-4709895,Milli,Adshead,1994-06-15,male,"Business Development",86058,Milli_Ad.R@example.com,REMOTE
28-5439484,Tami,Affleck,1993-12-06,female,Accounting,89999,Tami_Af.R@example.com,REMOTE
64-4520110,Gerri,Affron,1987-09-14,male,Training,67536,Gerri_Af.R@example.com,REMOTE
83-5362146,Emma,Agar,1997-01-04,female,"Product Management",171505,Emma_Ag.R@example.com,REMOTE
78-7501899,Mariquilla,Agass,1970-09-24,male,Support,164702,Mariquilla_Ag.H@example.com,HYBRID
67-8751384,Deck,Agastina,1970-06-13,female,Sales,91431,Deck_Ag.H@example.com,HYBRID
98-9395756,Stephanie,Agate,1969-12-11,male,Accounting,115134,Stephanie_Ag.H@example.com,HYBRID
76-2303928,Amalia,Agates,1990-07-21,male,Support,91789,Amalia_Ag.H@example.com,HYBRID
72-4317575,Dollie,Agent,1967-02-18,female,Engineering,130178,Dollie_Ag.R@example.com,REMOTE
47-4812017,Harlene,Agerskow,1997-12-13,female,Engineering,109154,Harlene_Ag.H@example.com,HYBRID
60-8886866,Conny,Agett,1966-12-13,female,Accounting,139107,Conny_Ag.H@example.com,HYBRID
93-4527183,Lexis,Aggas,1979-07-31,male,"Business Development",122292,Lexis_Ag.R@example.com,REMOTE
47-0649921,Bunni,Aggas,1989-04-20,male,Engineering,110792,Bunni_Ag.H@example.com,HYBRID
01-7851887,Sorcha,Agget,1967-06-22,female,Accounting,167529,Sorcha_Ag.R@example.com,REMOTE
52-1868630,Toddy,Agget,1984-06-18,female,Support,100883,Toddy_Ag.R@example.com,REMOTE
76-1431170,Lynn,Agget,1992-08-21,male,Training,110858,Lynn_Ag.H@example.com,HYBRID
27-0973305,Deanne,Aggott,1968-07-07,male,Engineering,107829,Deanne_Ag.H@example.com,HYBRID
76-1030067,Carson,Aggs,1992-11-20,female,Accounting,160109,Carson_Ag.H@example.com,HYBRID
31-0270355,Joey,Agney,1977-03-08,female,Support,144558,Joey_Ag.H@example.com,HYBRID
89-1495667,Fremont,Aguirre,1979-10-12,male,Sales,125176,Fremont_Ag.R@example.com,REMOTE
20-7862953,Jeanine,Agus,1985-12-06,female,Training,66900,Jeanine_Ag.H@example.com,HYBRID
72-9646541,Damara,Ahern,1968-05-07,male,Services,156049,Damara_Ah.H@example.com,HYBRID
23-4134439,Tabby,Aherne,1980-01-30,male,Engineering,135980,Tabby_Ah.H@example.com,HYBRID
51-3991920,Nora,Ahlin,1988-08-29,female,"Human Resources",81878,Nora_Ah.H@example.com,HYBRID
40-2289921,Matti,Ahmad,1975-11-28,male,Support,167847,Matti_Ah.R@example.com,REMOTE
48-8372206,Perrine,Ahmed,1992-01-09,male,Services,97288,Perrine_Ah.R@example.com,REMOTE
23-3922685,Lotti,Ahrend,1983-04-27,male,Accounting,79095,Lotti_Ah.H@example.com,HYBRID
06-1925017,Dulce,Ahrenius,1978-11-29,male,Engineering,76853,Dulce_Ah.R@example.com,REMOTE
81-3991714,Barth,Ahrenius,1989-12-30,female,Engineering,110358,Barth_Ah.H@example.com,HYBRID
55-2041334,Adham,Ahrens,1982-03-29,male,Legal,163119,Adham_Ah.R@example.com,REMOTE
99-3119725,Emma,Aikman,1973-01-05,male,"Human Resources",66514,Emma_Ai.R@example.com,REMOTE
35-9454369,Agace,Ailward,1986-09-10,female,"Business Development",97493,Agace_Ai.R@example.com,REMOTE
02-3640881,Gardener,Aim,1968-05-20,male,Engineering,105183,Gardener_Ai.H@example.com,HYBRID
72-6333083,Nicki,Aimable,1983-02-25,female,Services,68676,Nicki_Ai.H@example.com,HYBRID
15-6583103,Abagael,Aindrais,1988-05-26,male,Accounting,173307,Abagael_Ai.R@example.com,REMOTE
44-5974217,Caterina,Aingel,1968-08-01,female,Engineering,111116,Caterina_Ai.H@example.com,HYBRID
48-1130899,Jerri,Aingel,1989-06-05,male,"Human Resources",104166,Jerri_Ai.H@example.com,HYBRID
45-1049788,Hugibert,Aingell,1969-03-09,female,Engineering,184585,Hugibert_Ai.H@example.com,HYBRID
72-1956996,Jedd,Ainsby,1980-08-12,female,Training,123176,Jedd_Ai.H@example.com,HYBRID
18-8240189,Saxe,Ainscow,1987-02-07,male,Engineering,147175,Saxe_Ai.R@example.com,REMOTE
51-5485911,Allix,Ainscow,1980-11-11,male,Sales,127589,Allix_Ai.H@example.com,HYBRID
09-0562266,Ev,Ainscow,1972-04-28,male,Training,162746,Ev_Ai.H@example.com,HYBRID
04-6380002,Ichabod,Ainsley,1971-02-13,male,Services,162637,Ichabod_Ai.H@example.com,HYBRID
21-9082785,Curtice,Ainsworth,1966-09-29,male,Engineering,78562,Curtice_Ai.R@example.com,REMOTE
26-9296107,Spenser,Aird,2000-07-14,male,"Human Resources",103669,Spenser_Ai.R@example.com,REMOTE
52-5356142,Daron,Aireton,1993-09-18,female,Sales,183620,Daron_Ai.H@example.com,HYBRID
38-9621354,Estele,Airey,1972-07-13,female,Engineering,116302,Estele_Ai.H@example.com,HYBRID
45-7078672,Xavier,Airlie,1985-05-04,male,Engineering,88292,Xavier_Ai.H@example.com,HYBRID
13-4632056,Nathanil,Airth,1998-02-06,female,Accounting,88087,Nathanil_Ai.H@example.com,HYBRID
26-6390018,Midge,Aish,1998-04-04,male,Engineering,151010,Midge_Ai.H@example.com,HYBRID
63-5040284,Pepito,Aish,1987-12-02,male,Training,134921,Pepito_Ai.H@example.com,HYBRID
25-4311953,Angel,Aiskrigg,2001-06-19,female,Engineering,148146,Angel_Ai.H@example.com,HYBRID
72-9977341,Shelton,Aisman,1979-06-20,female,Sales,180557,Shelton_Ai.H@example.com,HYBRID
70-0944003,Lexy,Aisthorpe,1984-12-18,female,Accounting,95740,Lexy_Ai.H@example.com,HYBRID
12-0821958,Fergus,Aisthorpe,1987-02-10,male,Services,158555,Fergus_Ai.H@example.com,HYBRID
65-8208232,Burtie,Aitcheson,1974-01-31,male,Sales,149716,Burtie_Ai.R@example.com,REMOTE
41-5468169,Kermit,Aitcheson,1979-03-14,male,Services,172165,Kermit_Ai.H@example.com,HYBRID
71-5731809,Mahala,Aitchinson,1986-03-25,female,Accounting,127406,Mahala_Ai.R@example.com,REMOTE
56-0540627,Belia,Aitken,1970-08-11,female,"Business Development",65538,Belia_Ai.R@example.com,REMOTE
70-0038244,Gonzales,Aitkin,1985-03-19,female,Accounting,129344,Gonzales_Ai.H@example.com,HYBRID
37-3997375,Ame,Aizik,1991-12-31,female,Accounting,77105,Ame_Ai.R@example.com,REMOTE
88-9154251,Paulie,Aizikov,1998-04-16,female,Accounting,79968,Paulie_Ai.R@example.com,REMOTE
87-4647463,Adore,Aizikovich,1976-04-05,male,Engineering,127607,Adore_Ai.R@example.com,REMOTE
93-8905062,Jemmie,Aizikowitz,1999-06-13,male,Engineering,123475,Jemmie_Ai.H@example.com,HYBRID
12-6229090,Janka,Aizlewood,1979-01-14,male,Engineering,92446,Janka_Ai.R@example.com,REMOTE
44-1095746,Stephana,Ajam,2002-03-29,male,"Business Development",177294,Stephana_Aj.R@example.com,REMOTE
93-1896967,Vania,Ajam,1989-06-07,female,Sales,142146,Vania_Aj.R@example.com,REMOTE
25-4744432,Cherry,Ajean,1990-03-01,female,Engineering,106402,Cherry_Aj.R@example.com,REMOTE
27-0498231,Ofelia,Akam,1980-10-03,female,"Business Development",93228,Ofelia_Ak.H@example.com,HYBRID
69-5391026,Misty,Akam,1968-03-11,female,"Research and Development",87294,Misty_Ak.H@example.com,HYBRID
41-5955863,Susanetta,Aked,1984-12-09,female,Sales,156981,Susanetta_Ak.R@example.com,REMOTE
58-6727791,Wylie,Akid,1971-03-07,male,Accounting,143989,Wylie_Ak.R@example.com,REMOTE
96-1156732,Karlee,Aksell,1992-02-25,female,"Product Management",135178,Karlee_Ak.R@example.com,REMOTE
94-0780445,Feliza,Alam,1992-11-14,female,Training,126316,Feliza_Al.R@example.com,REMOTE
25-9752368,Cloe,Alanbrooke,1974-04-28,male,Engineering,151261,Cloe_Al.H@example.com,HYBRID
97-8940276,Lilly,Alasdair,1989-06-03,male,Services,141486,Lilly_Al.H@example.com,HYBRID
36-2913983,Thorstein,Alastair,1993-07-08,female,Accounting,65302,Thorstein_Al.R@example.com,REMOTE
14-1624229,Paxon,Alastair,1999-06-22,male,"Business Development",136497,Paxon_Al.R@example.com,REMOTE
53-5087817,Mattheus,Albarez,1982-01-24,male,"Business Development",179442,Mattheus_Al.H@example.com,HYBRID
54-3495084,Clemmy,Albasiny,1984-06-15,female,"Research and Development",174516,Clemmy_Al.R@example.com,REMOTE
70-6995708,Tiphani,Alben,1992-03-27,male,"Business Development",69216,Tiphani_Al.R@example.com,REMOTE
02-4662188,Yoshi,Alben,1995-05-09,female,Engineering,124172,Yoshi_Al.H@example.com,HYBRID
26-5829469,Hermy,Alben,1985-02-04,male,Engineering,107035,Hermy_Al.R@example.com,REMOTE
70-0738365,Raychel,Albertson,1996-08-15,male,Engineering,158920,Raychel_Al.R@example.com,REMOTE
13-4999519,Ciel,Albrecht,1975-10-25,female,Engineering,112146,Ciel_Al.H@example.com,HYBRID
05-5799851,Bink,Albrighton,1990-09-02,male,"Business Development",136874,Bink_Al.R@example.com,REMOTE
13-2948741,Stavro,Albrook,1978-06-09,female,"Business Development",126951,Stavro_Al.H@example.com,HYBRID
15-7180058,Alta,Albury,1970-05-05,male,Engineering,140332,Alta_Al.R@example.com,REMOTE
91-7403556,Trueman,Alcide,1981-06-09,male,Accounting,177494,Trueman_Al.H@example.com,HYBRID
41-0764940,Chester,Alcock,1975-11-24,male,"Business Development",80693,Chester_Al.R@example.com,REMOTE
27-4605905,Bel,Alcock,1983-07-10,female,Training,180153,Bel_Al.R@example.com,REMOTE
13-2001607,Ad,Alcoran,1993-10-03,female,Accounting,68223,Ad_Al.H@example.com,HYBRID
26-3724947,Shurlock,Alcoran,2000-11-09,male,Support,165334,Shurlock_Al.H@example.com,HYBRID
50-7039233,Liam,Alcott,1976-08-28,male,"Business Development",75043,Liam_Al.R@example.com,REMOTE
58-2293872,Raddy,Alcott,1967-07-03,male,"Business Development",161812,Raddy_Al.R@example.com,REMOTE
54-8289666,Tabbie,Alder,1970-01-09,female,Accounting,141530,Tabbie_Al.H@example.com,HYBRID
90-3450760,Jobey,Alderman,1980-08-20,male,"Business Development",137256,Jobey_Al.R@example.com,REMOTE
71-7118852,Sunshine,Alderwick,1973-11-20,male,Engineering,126085,Sunshine_Al.H@example.com,HYBRID
33-4224349,Rosemonde,Aldhouse,1971-10-01,female,Accounting,120116,Rosemonde_Al.H@example.com,HYBRID
19-2606766,Delano,Aldhouse,1997-10-26,female,Engineering,73090,Delano_Al.R@example.com,REMOTE
47-9346041,Iolande,Aldiss,1998-02-01,female,Engineering,69691,Iolande_Al.R@example.com,REMOTE
61-8938986,Leontine,Aldred,1984-08-05,female,Engineering,92092,Leontine_Al.R@example.com,REMOTE
10-2026451,Dolly,Aldrich,1975-07-30,female,Services,139401,Dolly_Al.R@example.com,REMOTE
87-1802816,Mose,Aldrick,1973-08-29,female,Engineering,152560,Mose_Al.R@example.com,REMOTE
22-1806015,Heidi,Aldwick,1965-10-19,female,Engineering,165604,Heidi_Al.H@example.com,HYBRID
36-1603100,Erl,Aldwinckle,1969-05-18,female,Sales,69414,Erl_Al.R@example.com,REMOTE
70-2014300,Bobbe,Aleavy,1982-09-09,male,"Business Development",103286,Bobbe_Al.H@example.com,HYBRID
18-1904803,Cindra,Aleavy,1985-01-26,female,Engineering,169091,Cindra_Al.R@example.com,REMOTE
92-0979286,Alla,Alecock,1972-08-23,male,Engineering,109314,Alla_Al.R@example.com,REMOTE
15-9751742,Horacio,Alejandro,2001-12-02,female,"Product Management",71175,Horacio_Al.H@example.com,HYBRID
69-3687112,Harrison,Alekhov,1983-01-21,female,Accounting,105339,Harrison_Al.R@example.com,REMOTE
02-8608961,Harris,Alekhov,1973-05-15,male,Accounting,148372,Harris_Al.R@example.com,REMOTE
96-9461126,Reube,Alekhov,1982-05-06,male,Engineering,110336,Reube_Al.R@example.com,REMOTE
92-3693084,Dulce,Aleksahkin,1993-07-31,male,Sales,72369,Dulce_Al.H@example.com,HYBRID
14-6080897,Dorelle,Aleksandrov,1997-01-26,female,"Research and Development",73160,Dorelle_Al.R@example.com,REMOTE
60-0005159,Farrell,Alekseev,1972-05-20,female,Engineering,154458,Farrell_Al.R@example.com,REMOTE
83-0012665,Roseanne,Aleksic,1997-01-07,female,Accounting,139545,Roseanne_Al.H@example.com,HYBRID
19-1011134,Darrell,Aleksic,1980-08-31,male,Services,149288,Darrell_Al.H@example.com,HYBRID
88-0955849,Jone,Alelsandrovich,1991-11-08,female,Services,73897,Jone_Al.R@example.com,REMOTE
10-6709773,Alejandrina,Alen,1974-02-24,male,Services,99666,Alejandrina_Al.R@example.com,REMOTE
72-4473234,Corissa,Alenichicov,1968-06-29,male,Engineering,120317,Corissa_Al.R@example.com,REMOTE
20-5774606,Stan,Alenikov,1984-08-21,male,Engineering,121743,Stan_Al.H@example.com,HYBRID
91-3748696,Mikkel,Alenin,2000-09-20,male,Services,94565,Mikkel_Al.R@example.com,REMOTE
46-3232862,Bradford,Alenshev,1979-05-12,female,Training,140488,Bradford_Al.H@example.com,HYBRID
36-4902974,Gerik,Ales0,1991-08-04,female,"Human Resources",171452,Gerik_Al.R@example.com,REMOTE
00-1499371,Claude,Ales0,1984-04-29,female,Sales,126534,Claude_Al.R@example.com,REMOTE
97-2740343,Sherry,Alesbrook,1995-11-17,female,Support,88617,Sherry_Al.R@example.com,REMOTE
12-9202249,Sibelle,Aleshintsev,1992-12-30,male,Engineering,119156,Sibelle_Al.R@example.com,REMOTE
53-5166611,Neely,Aleshkov,1966-08-19,female,Engineering,166398,Neely_Al.H@example.com,HYBRID
46-3564939,Elset,Alesi,1969-02-24,male,"Human Resources",69755,Elset_Al.H@example.com,HYBRID
95-4485969,Ronalda,Alexandersson,1993-03-25,male,Engineering,68341,Ronalda_Al.R@example.com,REMOTE
39-3382300,Mannie,Alexandersson,1977-04-24,female,"Human Resources",71781,Mannie_Al.H@example.com,HYBRID
63-8232340,Maisey,Alfonzo,1985-05-21,male,Engineering,73135,Maisey_Al.R@example.com,REMOTE
32-4624319,Krystle,Alford,1969-12-03,male,Support,98191,Krystle_Al.H@example.com,HYBRID
71-6757211,Micah,Alfwy,1993-08-13,female,Engineering,77237,Micah_Al.H@example.com,HYBRID
30-8716703,Niko,Algate,1991-03-07,female,Engineering,87864,Niko_Al.R@example.com,REMOTE
65-1499921,Nicolle,Algie,1987-09-13,male,Engineering,165914,Nicolle_Al.R@example.com,REMOTE
97-2341387,Keith,Aliberti,1998-03-24,male,Sales,87512,Keith_Al.R@example.com,REMOTE
45-6718426,Gan,Aliman,1999-02-19,male,Accounting,160397,Gan_Al.H@example.com,HYBRID
33-2282260,Nolly,Aliman,1965-10-24,male,Engineering,170416,Nolly_Al.H@example.com,HYBRID
07-9907680,Ax,Alishoner,1971-10-27,male,"Human Resources",77922,Ax_Al.H@example.com,HYBRID
41-6980002,Elvera,Alker,2000-09-09,male,Engineering,94867,Elvera_Al.H@example.com,HYBRID
51-5164437,Smitty,Allabush,1968-04-25,female,Legal,149585,Smitty_Al.H@example.com,HYBRID
11-6100605,Arnoldo,Allabush,1992-02-11,female,Training,108540,Arnoldo_Al.H@example.com,HYBRID
24-2458210,Alex,Allaker,1970-11-30,male,Engineering,123616,Alex_Al.H@example.com,HYBRID
82-5055073,Cornelia,Allam,1972-10-03,female,"Business Development",109266,Cornelia_Al.R@example.com,REMOTE
83-9079600,Helaina,Allam,1989-04-21,female,Engineering,164544,Helaina_Al.H@example.com,HYBRID
34-9092042,Nikaniki,Allam,1988-03-15,female,Sales,113516,Nikaniki_Al.R@example.com,REMOTE
02-1638262,Kalindi,Allan,1996-08-02,female,Engineering,91970,Kalindi_Al.H@example.com,HYBRID
16-2123581,Veronique,Allans,1997-02-17,male,Engineering,134686,Veronique_Al.R@example.com,REMOTE
73-2323625,Rodolphe,Allardyce,1966-02-22,male,Engineering,98689,Rodolphe_Al.R@example.com,REMOTE
40-6082915,Malachi,Allchorne,1993-12-29,male,Engineering,90266,Malachi_Al.H@example.com,HYBRID
01-0663336,Elisabet,Allchorne,1979-09-04,male,Sales,145410,Elisabet_Al.H@example.com,HYBRID
46-3533238,Clevey,Allchorne,1986-04-24,male,Support,121433,Clevey_Al.H@example.com,HYBRID
64-5859063,Simone,Allchorne,1978-04-16,male,Support,114890,Simone_Al.H@example.com,HYBRID
49-3882954,Myrta,Allcoat,1979-09-26,male,Engineering,128151,Myrta_Al.H@example.com,HYBRID
40-0620873,Conan,Allcock,2002-04-13,female,Engineering,91489,Conan_Al.R@example.com,REMOTE
88-7967248,Cherice,Allcock,1974-10-11,female,Support,144026,Cherice_Al.H@example.com,HYBRID
94-4122487,Ruby,Allday,1983-06-02,male,Training,104359,Ruby_Al.R@example.com,REMOTE
10-1695451,Linea,Allder,1996-11-10,male,Accounting,99978,Linea_Al.H@example.com,HYBRID
51-1581821,Kin,Allder,1978-05-17,male,"Business Development",161266,Kin_Al.R@example.com,REMOTE
93-1822709,Marco,Alldre,1969-06-11,female,Accounting,151569,Marco_Al.H@example.com,HYBRID
17-9978385,Pennie,Alldre,1976-10-31,female,Sales,179511,Pennie_Al.H@example.com,HYBRID
26-5059614,Karyl,Alldread,2002-08-09,female,Sales,80886,Karyl_Al.R@example.com,REMOTE
82-5709905,Danika,Alldread,1992-07-26,female,Sales,67852,Danika_Al.H@example.com,HYBRID
18-3246399,Madelon,Alleburton,2001-03-27,male,Training,167559,Madelon_Al.R@example.com,REMOTE
02-9778484,Francis,Alleway,1974-04-20,female,Accounting,110264,Francis_Al.H@example.com,HYBRID
24-8598075,Doug,Alliband,1997-08-11,female,Accounting,126579,Doug_Al.R@example.com,REMOTE
80-0395279,Renell,Alliberton,1984-07-14,female,Support,89388,Renell_Al.R@example.com,REMOTE
79-8346659,Nester,Allibon,1985-11-23,male,Accounting,128816,Nester_Al.H@example.com,HYBRID
38-3947276,Nolie,Allibon,1995-06-19,male,Training,74511,Nolie_Al.R@example.com,REMOTE
91-2964098,Thorvald,Allibone,2001-01-25,male,Accounting,104008,Thorvald_Al.R@example.com,REMOTE
50-7039988,Colline,Allicock,1990-12-22,male,Accounting,102138,Colline_Al.H@example.com,HYBRID
29-7856058,Joaquin,Allingham,1995-05-31,male,Engineering,86492,Joaquin_Al.R@example.com,REMOTE
14-3661749,Dorothea,Alliot,1969-01-08,male,Sales,158452,Dorothea_Al.R@example.com,REMOTE
02-0023435,Georgy,Allitt,1979-04-12,male,Engineering,126745,Georgy_Al.H@example.com,HYBRID
83-1862092,Jacenta,Allix,1982-08-11,male,Sales,159075,Jacenta_Al.R@example.com,REMOTE
04-5566039,Barb,Allman,1972-11-01,male,Support,138778,Barb_Al.H@example.com,HYBRID
17-8714946,Gamaliel,Allmann,1971-08-04,female,Support,167122,Gamaliel_Al.R@example.com,REMOTE
78-8449664,Emelen,Allmann,1971-08-14,male,Training,86700,Emelen_Al.H@example.com,HYBRID
08-5036663,Lorraine,Allmen,1982-02-17,male,Engineering,170121,Lorraine_Al.R@example.com,REMOTE
53-0050519,Issi,Allmen,1987-06-18,male,Engineering,160931,Issi_Al.H@example.com,HYBRID
78-6610331,Connie,Allon,1986-06-30,male,Accounting,79281,Connie_Al.H@example.com,HYBRID
11-5729776,Caren,Alloway,1997-06-18,male,Engineering,168307,Caren_Al.H@example.com,HYBRID
17-1029667,Harp,Allred,1967-08-22,female,"Business Development",178012,Harp_Al.H@example.com,HYBRID
27-5786484,Timi,Allright,1985-08-20,female,Marketing,107930,Timi_Al.R@example.com,REMOTE
72-2691536,Ase,Allsep,1986-10-03,male,Services,78371,Ase_Al.H@example.com,HYBRID
77-1627150,Ashlen,Allston,1969-01-09,female,Accounting,173640,Ashlen_Al.H@example.com,HYBRID
47-4141948,Lucita,Allsupp,1971-07-11,female,Engineering,79426,Lucita_Al.R@example.com,REMOTE
60-0035646,Violante,Alltimes,1999-12-19,male,"Business Development",123075,Violante_Al.R@example.com,REMOTE
17-6096742,Frankie,Allum,1993-08-09,female,Engineering,125965,Frankie_Al.R@example.com,REMOTE
10-5662309,Lisbeth,Allum,1993-09-22,female,Engineering,87511,Lisbeth_Al.H@example.com,HYBRID
61-7980303,Gilda,Allwell,1968-02-23,male,Marketing,174521,Gilda_Al.R@example.com,REMOTE
38-0320248,Beryle,Allwood,1994-11-17,male,Engineering,153785,Beryle_Al.H@example.com,HYBRID
92-4511595,Jeromy,Allwood,1972-05-10,female,"Human Resources",68073,Jeromy_Al.H@example.com,HYBRID
31-1295567,Georgy,Allworthy,1979-05-06,female,Sales,66395,Georgy_Al.H@example.com,HYBRID
20-0706376,Megen,Allwright,1973-05-11,female,"Business Development",137161,Megen_Al.R@example.com,REMOTE
95-3022362,Kory,Almon,1979-07-30,female,"Product Management",71033,Kory_Al.H@example.com,HYBRID
91-9286849,Imojean,Aloigi,1982-09-28,female,Support,155160,Imojean_Al.R@example.com,REMOTE
16-5571788,Tremayne,Aloshechkin,1987-02-16,male,Engineering,138028,Tremayne_Al.R@example.com,REMOTE
22-4319349,Gannie,Aloshkin,1985-03-01,male,Services,149844,Gannie_Al.R@example.com,REMOTE
27-4431222,Shurlock,Aloway,1979-11-20,male,Engineering,142694,Shurlock_Al.H@example.com,HYBRID
87-9032174,Gavra,Aloway,1973-04-18,female,"Research and Development",167917,Gavra_Al.R@example.com,REMOTE
96-0648524,Alejandrina,Alpes,2001-11-15,male,Marketing,116678,Alejandrina_Al.H@example.com,HYBRID
53-3665747,Wyatan,Alsobrook,1971-12-04,female,Services,166506,Wyatan_Al.R@example.com,REMOTE
52-4065601,Buffy,Alsopp,2000-12-09,male,Engineering,123507,Buffy_Al.R@example.com,REMOTE
30-5448050,Freddi,Alster,1979-11-26,male,"Business Development",181380,Freddi_Al.H@example.com,HYBRID
81-6138304,Jammal,Alston,1969-06-14,female,Sales,100218,Jammal_Al.R@example.com,REMOTE
52-3893494,Karl,Altamirano,1966-01-22,male,"Business Development",117473,Karl_Al.H@example.com,HYBRID
78-2199763,Christen,Altamirano,1991-08-02,female,Sales,178073,Christen_Al.H@example.com,HYBRID
71-3884031,Elsey,Altamirano,1986-02-27,male,Services,100550,Elsey_Al.H@example.com,HYBRID
54-7185869,Derward,Althorp,1973-11-19,female,Training,114278,Derward_Al.R@example.com,REMOTE
40-7727902,Michele,Alti,2000-05-16,female,"Research and Development",172197,Michele_Al.H@example.com,HYBRID
05-7743493,Glen,Altoft,1981-09-23,female,Support,162485,Glen_Al.R@example.com,REMOTE
71-0928178,Franni,Altree,1993-03-30,female,Training,86461,Franni_Al.R@example.com,REMOTE
44-8978654,Ilyse,Alty,1975-08-25,male,Services,133693,Ilyse_Al.R@example.com,REMOTE
09-3748293,Gertrude,Alu,1975-05-02,female,Engineering,85789,Gertrude_Al.R@example.com,REMOTE
15-5163283,Ginelle,Aluard,1994-01-19,female,"Business Development",165369,Ginelle_Al.H@example.com,HYBRID
05-8814334,Talyah,Aluard,1981-05-08,female,Engineering,117429,Talyah_Al.H@example.com,HYBRID
98-6218476,Anabella,Alvaro,1992-08-21,female,Engineering,181722,Anabella_Al.H@example.com,HYBRID
48-7305683,Rudiger,Alvey,1988-02-21,female,Training,157070,Rudiger_Al.R@example.com,REMOTE
17-3354093,Clementius,Alyoshin,1997-05-29,female,Engineering,171221,Clementius_Al.H@example.com,HYBRID
13-9092380,Birdie,Alyoshin,1979-11-19,female,"Human Resources",174026,Birdie_Al.H@example.com,HYBRID
30-5405886,Lancelot,Alywin,1970-10-27,female,Engineering,96875,Lancelot_Al.R@example.com,REMOTE
11-5716594,Pauly,Alywin,1983-02-14,male,"Human Resources",160540,Pauly_Al.R@example.com,REMOTE
24-2152690,Matias,Amar,1986-07-16,male,Sales,145379,Matias_Am.R@example.com,REMOTE
85-0274905,Millisent,Amber,1968-03-27,male,Accounting,71351,Millisent_Am.R@example.com,REMOTE
30-4383803,Gauthier,Ambler,1999-01-29,female,Accounting,147387,Gauthier_Am.R@example.com,REMOTE
60-3853069,Bernita,Ambler,1983-08-08,male,Training,75333,Bernita_Am.H@example.com,HYBRID
97-1605500,Marlyn,Ambrodi,1979-12-19,male,"Business Development",131820,Marlyn_Am.H@example.com,HYBRID
04-7219997,Emmie,Ambrogetti,1970-04-11,male,Accounting,120564,Emmie_Am.H@example.com,HYBRID
20-5537940,Ulises,Ambrogio,1973-06-14,male,Services,169213,Ulises_Am.R@example.com,REMOTE
37-8244130,Matthiew,Ambrogioni,1995-10-07,male,Engineering,87660,Matthiew_Am.H@example.com,HYBRID
55-3236811,Elfreda,Ambrogioni,1989-07-20,male,"Research and Development",69362,Elfreda_Am.R@example.com,REMOTE
67-5844266,Renate,Ambrogiotti,1966-05-29,female,Engineering,161637,Renate_Am.H@example.com,HYBRID
64-4677609,Muffin,Ambroisin,1990-07-14,female,Services,151206,Muffin_Am.H@example.com,HYBRID
95-3950279,Francisca,Ambroix,1991-06-26,male,Engineering,73324,Francisca_Am.R@example.com,REMOTE
15-1308488,Dudley,Ambrosch,1981-02-07,male,Accounting,82639,Dudley_Am.H@example.com,HYBRID
70-1438863,Felipa,Ambrose,1996-10-28,female,Engineering,87350,Felipa_Am.H@example.com,HYBRID
26-3308244,Lori,Ambrosini,1995-01-16,male,Engineering,184207,Lori_Am.R@example.com,REMOTE
71-0848373,Maren,Ambrosoli,1994-02-22,male,Sales,146738,Maren_Am.H@example.com,HYBRID
95-5729700,Whitney,Amburgy,1976-08-25,female,Services,145883,Whitney_Am.H@example.com,HYBRID
85-8894048,Harv,Ames,1978-02-08,male,Services,144510,Harv_Am.H@example.com,HYBRID
18-9530364,Sharlene,Amesbury,1999-08-26,male,"Human Resources",87483,Sharlene_Am.R@example.com,REMOTE
31-9682656,Hedwig,Amis,1978-02-21,male,Support,171764,Hedwig_Am.H@example.com,HYBRID
43-1330590,Abra,Amiss,1967-11-12,male,"Research and Development",181416,Abra_Am.H@example.com,HYBRID
77-9027451,Kaia,Amiss,1981-07-25,female,Support,166145,Kaia_Am.H@example.com,HYBRID
28-9470396,Feodor,Ammer,1975-09-19,male,Sales,165075,Feodor_Am.R@example.com,REMOTE
28-3361145,Emilee,Amner,1971-10-27,female,Engineering,147546,Emilee_Am.R@example.com,REMOTE
54-2184663,Mata,Amott,1981-09-28,male,Engineering,75133,Mata_Am.R@example.com,REMOTE
72-1784778,Benedict,Amott,1980-12-25,male,Services,94196,Benedict_Am.R@example.com,REMOTE
21-4706878,Aridatha,Amps,1972-12-10,female,Accounting,81393,Aridatha_Am.R@example.com,REMOTE
06-7384824,Jamie,Amsberger,2000-05-20,male,Accounting,89155,Jamie_Am.R@example.com,REMOTE
95-4529934,Carine,Andell,1997-11-18,male,"Research and Development",87227,Carine_An.R@example.com,REMOTE
62-4929766,Godfrey,Anderbrugge,1966-11-24,female,Training,152018,Godfrey_An.H@example.com,HYBRID
73-9366607,Remington,Anderer,1967-10-21,female,Accounting,158227,Remington_An.R@example.com,REMOTE
60-7698626,Falito,Anderl,1976-05-10,male,Accounting,165646,Falito_An.H@example.com,HYBRID
82-2144794,Bran,Anders,1998-03-04,male,Accounting,154090,Bran_An.R@example.com,REMOTE
17-6893557,Aubrie,Anders,1999-07-21,male,Services,105363,Aubrie_An.R@example.com,REMOTE
46-1543281,Zeb,Anderton,1977-01-24,female,"Human Resources",175047,Zeb_An.R@example.com,REMOTE
61-5821090,Lissi,Andino,1980-05-12,female,Accounting,141833,Lissi_An.R@example.com,REMOTE
91-5534425,Frankie,Andino,1981-04-03,female,"Product Management",90016,Frankie_An.R@example.com,REMOTE
14-8270473,Raynard,Andover,1989-06-07,male,Engineering,88087,Raynard_An.H@example.com,HYBRID
15-0669981,Willetta,Andrag,1968-05-27,female,Engineering,154846,Willetta_An.R@example.com,REMOTE
06-7865121,Zedekiah,Andraud,1968-11-09,male,Engineering,106120,Zedekiah_An.R@example.com,REMOTE
55-8255146,Huntlee,Andrault,1986-05-13,male,Marketing,145809,Huntlee_An.R@example.com,REMOTE
22-2659983,Consuelo,Andreasen,1979-10-13,male,Engineering,178923,Consuelo_An.R@example.com,REMOTE
82-8247900,Gabie,Andreassen,1999-05-11,male,Accounting,77966,Gabie_An.R@example.com,REMOTE
70-3985747,Wait,Andreev,1970-06-01,female,Engineering,128157,Wait_An.R@example.com,REMOTE
15-7988835,Carilyn,Andrei,1992-02-05,male,Engineering,148846,Carilyn_An.R@example.com,REMOTE
62-5236182,"Dee dee",Andreichik,1968-10-23,male,Sales,146504,Dee_An.R@example.com,REMOTE
10-0530308,Friedrich,Andreoletti,1998-05-05,male,"Business Development",118738,Friedrich_An.H@example.com,HYBRID
50-0557886,Breanne,Andreoletti,1976-04-18,female,Sales,91795,Breanne_An.H@example.com,HYBRID
18-3691923,Freemon,Andreoletti,1980-08-29,male,Services,87464,Freemon_An.R@example.com,REMOTE
04-6722722,Jacqui,Andreopolos,1966-03-08,male,Accounting,131824,Jacqui_An.R@example.com,REMOTE
94-4544935,Sybilla,Andreotti,1982-07-21,male,"Business Development",113004,Sybilla_An.R@example.com,REMOTE
16-1975048,Katalin,Andreutti,1996-04-20,male,Support,103865,Katalin_An.R@example.com,REMOTE
16-1004944,Torey,Andreuzzi,1976-11-11,female,Marketing,136100,Torey_An.H@example.com,HYBRID
29-3486893,Jobye,Andrew,1966-01-03,female,Engineering,105680,Jobye_An.R@example.com,REMOTE
77-6789619,Kameko,Andrews,2002-03-24,male,Engineering,114471,Kameko_An.H@example.com,HYBRID
14-3285020,Jonas,Andrez,1992-05-07,male,Services,100238,Jonas_An.R@example.com,REMOTE
29-6091713,Emilio,Andrichuk,1988-03-28,male,Engineering,173664,Emilio_An.H@example.com,HYBRID
33-4979748,Goraud,Andriesse,1987-08-28,female,Engineering,98265,Goraud_An.R@example.com,REMOTE
73-8760111,Sofia,Andrieu,1996-12-14,male,Accounting,76043,Sofia_An.R@example.com,REMOTE
81-0000515,Karee,Andrieux,1977-07-02,male,Marketing,69735,Karee_An.H@example.com,HYBRID
49-9174948,Basilio,Andrin,1998-06-16,female,Engineering,153266,Basilio_An.R@example.com,REMOTE
98-4756485,Simonette,Andriss,1998-07-23,female,Engineering,73216,Simonette_An.R@example.com,REMOTE
15-6470333,Abbe,Andriulis,1987-08-23,male,Services,106917,Abbe_An.H@example.com,HYBRID
72-0934948,Marieann,Andrivot,1976-01-22,female,Engineering,76612,Marieann_An.R@example.com,REMOTE
70-1223821,Byrom,Androletti,1998-05-02,male,Training,68691,Byrom_An.H@example.com,HYBRID
56-1092991,Bernetta,Androlli,1970-05-20,female,"Business Development",88271,Bernetta_An.R@example.com,REMOTE
35-8027962,Ethelin,Androlli,1997-08-18,male,Engineering,80428,Ethelin_An.R@example.com,REMOTE
94-3066216,Pamelina,Andrusov,1978-03-14,male,"Research and Development",99350,Pamelina_An.H@example.com,HYBRID
27-3593865,Sharai,Andrys,1967-05-09,female,"Human Resources",79279,Sharai_An.H@example.com,HYBRID
43-9600262,Shannan,Andrys,1982-06-19,female,Training,109006,Shannan_An.H@example.com,HYBRID
38-7694969,Sibella,Andryushin,1989-01-28,female,"Business Development",159884,Sibella_An.H@example.com,HYBRID
00-9261338,Sharline,Andrzej,1974-01-17,male,Accounting,158433,Sharline_An.R@example.com,REMOTE
11-7670032,Marietta,Anear,1972-08-29,male,Engineering,157660,Marietta_An.H@example.com,HYBRID
97-2514201,Kipp,Anear,1999-02-07,male,Services,117581,Kipp_An.H@example.com,HYBRID
57-9746632,Ogden,Anersen,1995-07-05,female,Services,171110,Ogden_An.H@example.com,HYBRID
44-6126285,Kristien,Anfosso,1973-11-07,male,"Product Management",128540,Kristien_An.R@example.com,REMOTE
18-3392285,Sloan,Anfosso,1986-01-08,female,Training,120300,Sloan_An.H@example.com,HYBRID
55-1387946,Rani,Anfrey,1980-01-25,female,Legal,175700,Rani_An.R@example.com,REMOTE
75-5817252,Renado,Anfusso,1976-01-27,male,Engineering,99973,Renado_An.R@example.com,REMOTE
05-5323096,Jewel,Anfusso,1973-09-25,male,Engineering,75630,Jewel_An.R@example.com,REMOTE
29-6298482,Granthem,Angeau,1968-01-25,male,"Business Development",164173,Granthem_An.R@example.com,REMOTE
09-9100272,Brigitta,Angeau,1967-09-03,male,Marketing,81717,Brigitta_An.R@example.com,REMOTE
77-6692584,Reinaldo,Angeau,1997-01-16,female,Sales,144284,Reinaldo_An.R@example.com,REMOTE
34-5456304,Vlad,Angel,1998-04-29,female,Support,116829,Vlad_An.H@example.com,HYBRID
59-9191420,Barton,Angelini,1984-07-10,male,Engineering,82290,Barton_An.R@example.com,REMOTE
56-9170943,Coretta,Angell,1988-10-23,male,Accounting,169165,Coretta_An.R@example.com,REMOTE
60-6110903,Asher,Angood,1988-01-16,male,Sales,175550,Asher_An.R@example.com,REMOTE
77-0278360,Randy,Angove,1965-11-14,male,Sales,164477,Randy_An.H@example.com,HYBRID
44-1224793,Carri,Angrave,1965-10-16,female,Engineering,69633,Carri_An.R@example.com,REMOTE
25-6607924,Lynn,Angrock,1990-05-15,male,"Human Resources",126248,Lynn_An.R@example.com,REMOTE
28-6259050,Albertina,Angus,1989-09-18,male,Sales,163785,Albertina_An.H@example.com,HYBRID
94-0017834,Natividad,Ankrett,1979-08-23,female,Accounting,155399,Natividad_An.R@example.com,REMOTE
44-7487491,Ermanno,Ankrett,1976-06-20,male,Accounting,163292,Ermanno_An.H@example.com,HYBRID
04-1286704,Zahara,Annakin,1976-03-03,male,"Business Development",82132,Zahara_An.R@example.com,REMOTE
73-3671126,Richard,Annell,1967-10-06,male,Legal,177718,Richard_An.R@example.com,REMOTE
56-6403832,Raviv,Annets,1979-06-11,female,"Human Resources",153342,Raviv_An.H@example.com,HYBRID
83-4643027,Sim,Anney,1990-12-17,female,Sales,157819,Sim_An.R@example.com,REMOTE
89-9461877,Cesare,Annon,1992-04-12,female,"Business Development",71550,Cesare_An.R@example.com,REMOTE
36-1059260,Stearn,Annon,1983-11-03,male,"Human Resources",176728,Stearn_An.H@example.com,HYBRID
78-4441714,Kingsley,Annon,1982-11-29,female,Services,161000,Kingsley_An.H@example.com,HYBRID
44-1072139,Benjamen,Annott,1997-01-22,male,Sales,113806,Benjamen_An.H@example.com,HYBRID
84-1527303,Merrilee,Anselm,1989-11-14,male,Engineering,159366,Merrilee_An.H@example.com,HYBRID
94-4721363,Jessalyn,Anselm,1992-11-12,male,Marketing,177256,Jessalyn_An.R@example.com,REMOTE
52-3615137,Fleur,Anslow,1985-03-30,male,"Research and Development",97421,Fleur_An.R@example.com,REMOTE
08-3362284,Candida,Anster,1969-08-13,female,Engineering,139759,Candida_An.H@example.com,HYBRID
78-0438565,Moses,Anstice,1986-01-15,male,Legal,173109,Moses_An.R@example.com,REMOTE
46-9732990,Coraline,Anstis,1976-06-27,male,Engineering,114589,Coraline_An.H@example.com,HYBRID
70-5634241,Rafaelita,Anstis,1972-04-25,female,"Product Management",178834,Rafaelita_An.H@example.com,HYBRID
45-5388382,Humfrey,Anthill,1995-03-25,female,"Business Development",153468,Humfrey_An.H@example.com,HYBRID
83-3135323,Barrett,Anthoin,1984-07-01,male,Accounting,124550,Barrett_An.H@example.com,HYBRID
70-8678916,Cinderella,Anthoine,1971-11-06,female,Services,171561,Cinderella_An.H@example.com,HYBRID
29-6257420,Barnabas,Anthona,1985-11-14,male,Training,107323,Barnabas_An.R@example.com,REMOTE
94-8354925,Chandler,Antley,1980-10-27,female,Engineering,100724,Chandler_An.R@example.com,REMOTE
79-7213914,Anita,Antliff,1969-08-07,male,"Human Resources",129088,Anita_An.H@example.com,HYBRID
01-8146931,Walker,Antognazzi,1992-11-05,male,Engineering,172210,Walker_An.R@example.com,REMOTE
77-4119667,Owen,Antognetti,1967-11-14,female,"Business Development",154119,Owen_An.H@example.com,HYBRID
42-3773673,Trey,Antonchik,1986-09-20,male,"Product Management",71572,Trey_An.R@example.com,REMOTE
23-2408298,Maia,Antoniades,1995-02-10,female,Engineering,120153,Maia_An.R@example.com,REMOTE
29-5942055,Ruthie,Antoniak,1974-04-07,male,Engineering,146895,Ruthie_An.R@example.com,REMOTE
15-3502135,Annissa,Antoniak,1966-02-21,male,Support,150612,Annissa_An.H@example.com,HYBRID
69-7215341,Dan,Antoniat,2001-03-27,male,Engineering,91830,Dan_An.H@example.com,HYBRID
17-7689735,Virgilio,Antoniazzi,1973-12-03,male,Engineering,125891,Virgilio_An.R@example.com,REMOTE
63-6522780,Izak,Antoniazzi,1972-03-21,female,Marketing,84707,Izak_An.H@example.com,HYBRID
33-4284351,Ginger,Antonignetti,1993-12-06,female,Sales,154452,Ginger_An.R@example.com,REMOTE
39-0374265,Jessalyn,Antonik,1966-10-14,female,Sales,72342,Jessalyn_An.H@example.com,HYBRID
27-0489324,Andriette,Antonioni,1981-11-01,male,Engineering,121506,Andriette_An.R@example.com,REMOTE
04-3958437,Nanete,Antonomolii,1995-05-08,female,Engineering,106408,Nanete_An.H@example.com,HYBRID
56-6855264,Dorelle,Antonowicz,1994-12-06,female,Engineering,158326,Dorelle_An.H@example.com,HYBRID
29-2532117,Danya,Antonowicz,1979-02-22,male,Training,71237,Danya_An.R@example.com,REMOTE
81-3918246,Maureen,Antonsson,1988-06-13,male,Engineering,101251,Maureen_An.H@example.com,HYBRID
33-2748138,Gib,Antonucci,1973-01-09,male,Accounting,122062,Gib_An.H@example.com,HYBRID
07-4792340,Flory,Antonucci,1997-02-25,male,"Research and Development",178971,Flory_An.H@example.com,HYBRID
04-7075892,Idell,Antonutti,1991-12-26,male,Accounting,119609,Idell_An.H@example.com,HYBRID
93-8379925,Raleigh,Antonutti,1977-11-18,male,"Product Management",108095,Raleigh_An.H@example.com,HYBRID
79-6605653,Jacki,Antoons,1993-03-02,male,Engineering,126686,Jacki_An.R@example.com,REMOTE
53-8515884,Karol,Antos,1971-07-01,male,Engineering,70404,Karol_An.R@example.com,REMOTE
05-6029128,Zed,Antosch,1989-02-25,male,"Business Development",105826,Zed_An.H@example.com,HYBRID
05-3646913,Tobin,Antrack,1990-01-13,female,Engineering,130640,Tobin_An.H@example.com,HYBRID
52-9395445,Danyelle,Antrack,1968-05-06,female,Engineering,100024,Danyelle_An.H@example.com,HYBRID
45-9356594,Iver,Antrack,1996-11-17,male,Sales,120314,Iver_An.H@example.com,HYBRID
16-7878856,Ardelia,Antrag,1991-07-18,male,Services,146964,Ardelia_An.R@example.com,REMOTE
42-9767038,Suki,Antuk,1968-07-10,male,Accounting,88932,Suki_An.H@example.com,HYBRID
74-4164101,Lion,Antunes,2001-11-27,female,Training,86671,Lion_An.H@example.com,HYBRID
59-0032336,Port,Antunez,1971-09-29,female,Training,151049,Port_An.H@example.com,HYBRID
48-7630472,Fitz,Antusch,1978-10-22,male,"Human Resources",182321,Fitz_An.H@example.com,HYBRID
48-8922900,Mace,Antushev,1979-09-25,male,"Research and Development",98592,Mace_An.H@example.com,HYBRID
90-4874153,Kayley,Antyshev,2001-04-25,male,"Business Development",179124,Kayley_An.H@example.com,HYBRID
04-3674710,Borg,Anwell,1967-04-21,female,"Business Development",162671,Borg_An.R@example.com,REMOTE
14-7516492,Dulcia,Anwell,1980-01-13,female,Legal,111694,Dulcia_An.H@example.com,HYBRID
87-5125552,Geraldine,Anwyl,1968-08-27,female,Sales,110868,Geraldine_An.H@example.com,HYBRID
81-8295302,Samaria,Anyene,1994-03-26,male,"Human Resources",98372,Samaria_An.R@example.com,REMOTE
23-9228193,Tonnie,Anyene,1994-05-30,female,"Research and Development",113285,Tonnie_An.R@example.com,REMOTE
63-2904383,Gaven,Apdell,1982-04-18,male,Engineering,116887,Gaven_Ap.R@example.com,REMOTE
06-9170406,Molly,Apdell,1974-06-17,female,"Human Resources",150178,Molly_Ap.R@example.com,REMOTE
34-1639285,Barbee,Apfel,1979-10-23,female,Engineering,107062,Barbee_Ap.R@example.com,REMOTE
39-3225753,Kristian,Apfler,1994-01-20,female,Engineering,93617,Kristian_Ap.R@example.com,REMOTE
03-0288444,Kora,Apperley,1998-02-11,female,"Research and Development",123632,Kora_Ap.H@example.com,HYBRID
84-5282587,Gualterio,Apple,1968-09-09,male,Training,105159,Gualterio_Ap.R@example.com,REMOTE
19-5931279,Pablo,Appleby,1985-03-13,male,"Human Resources",113399,Pablo_Ap.H@example.com,HYBRID
71-8898360,Sal,Appleby,1990-01-30,female,Training,82124,Sal_Ap.R@example.com,REMOTE
48-1058003,Holli,Appleford,1999-05-23,female,"Business Development",117061,Holli_Ap.R@example.com,REMOTE
15-0635733,Velvet,Appleyard,1982-03-08,female,"Business Development",179875,Velvet_Ap.R@example.com,REMOTE
55-2320591,Nil,Apps,1985-12-30,male,Engineering,180071,Nil_Ap.R@example.com,REMOTE
54-8605854,Suki,Apps,1991-09-05,female,"Human Resources",104296,Suki_Ap.H@example.com,HYBRID
52-8210928,Lyell,Apps,2001-03-17,male,"Human Resources",156330,Lyell_Ap.R@example.com,REMOTE
40-5790051,Gilberta,April,1998-05-22,male,"Product Management",145586,Gilberta_Ap.R@example.com,REMOTE
27-4536681,Waverley,Aps,1979-09-16,male,Engineering,145584,Waverley_Ap.H@example.com,HYBRID
84-4701137,Valera,Arblaster,1986-02-27,male,Support,74010,Valera_Ar.H@example.com,HYBRID
90-9217818,Olva,Arboin,1994-08-11,male,Services,112019,Olva_Ar.R@example.com,REMOTE
71-2347457,Carlie,Arbuckle,1997-10-16,female,Engineering,172180,Carlie_Ar.R@example.com,REMOTE
29-2799973,Alia,Archard,1988-06-13,female,Sales,102171,Alia_Ar.R@example.com,REMOTE
96-5525010,Roderick,Archbald,1984-01-07,male,Accounting,71811,Roderick_Ar.R@example.com,REMOTE
59-0947757,Dianne,Archbutt,1976-04-23,male,Services,100135,Dianne_Ar.H@example.com,HYBRID
35-4074370,Zelig,Archdeacon,1983-06-04,female,Engineering,94628,Zelig_Ar.R@example.com,REMOTE
44-3662131,Alessandra,Archdeckne,1995-10-21,male,Accounting,113452,Alessandra_Ar.R@example.com,REMOTE
67-6575393,Harmon,Archibald,1995-12-16,female,Engineering,103887,Harmon_Ar.R@example.com,REMOTE
79-9203378,Maggee,Archibould,1984-03-21,male,Engineering,99596,Maggee_Ar.H@example.com,HYBRID
45-2830385,Leland,Archibould,1985-07-24,male,"Human Resources",83264,Leland_Ar.H@example.com,HYBRID
63-1818576,Asher,Arckoll,1997-09-09,male,"Human Resources",138986,Asher_Ar.H@example.com,HYBRID
07-7578902,Dacie,Ardern,1980-09-09,female,Accounting,125710,Dacie_Ar.H@example.com,HYBRID
66-9659014,Cordie,Arderne,1977-02-06,male,Services,181810,Cordie_Ar.H@example.com,HYBRID
32-5060475,Giulietta,Ardron,2001-08-17,male,Support,182130,Giulietta_Ar.H@example.com,HYBRID
41-4493558,Anton,Arend,1984-08-09,female,Training,135936,Anton_Ar.R@example.com,REMOTE
22-0506971,Dick,Arends,1977-02-23,male,Accounting,171018,Dick_Ar.R@example.com,REMOTE
29-5637230,Shandie,Arendsen,1994-12-12,female,"Business Development",138165,Shandie_Ar.H@example.com,HYBRID
00-3020430,Northrup,Arendt,2001-12-01,male,Services,181268,Northrup_Ar.H@example.com,HYBRID
27-8692886,Giorgio,Arenson,1972-10-31,female,"Research and Development",143668,Giorgio_Ar.R@example.com,REMOTE
19-8321917,Eddy,Argabrite,1981-05-27,female,Engineering,123325,Eddy_Ar.R@example.com,REMOTE
72-0588810,Decca,Arington,1982-01-19,male,Training,128383,Decca_Ar.R@example.com,REMOTE
06-2594547,Lynelle,Aris,1999-06-03,female,Engineering,101289,Lynelle_Ar.R@example.com,REMOTE
51-4305189,Gilles,Aristide,1982-09-07,female,"Research and Development",159156,Gilles_Ar.H@example.com,HYBRID
55-0880948,Harley,Arkin,1995-07-23,male,"Business Development",176416,Harley_Ar.R@example.com,REMOTE
91-1290550,Rozele,Arkley,1991-07-05,female,"Product Management",104280,Rozele_Ar.H@example.com,HYBRID
04-5174787,Arlene,Arkow,1980-02-05,male,Accounting,96632,Arlene_Ar.H@example.com,HYBRID
82-4341839,Katerine,Arkow,2000-02-25,male,Training,153334,Katerine_Ar.H@example.com,HYBRID
37-1238887,Chloris,Arlet,1981-06-03,female,Accounting,164150,Chloris_Ar.H@example.com,HYBRID
13-4458259,Quentin,Arlett,1966-10-21,male,"Business Development",170213,Quentin_Ar.R@example.com,REMOTE
76-1834444,Alane,Arlett,1983-07-03,female,Engineering,154250,Alane_Ar.R@example.com,REMOTE
81-2508058,Dorothea,Armand,1985-11-02,male,"Business Development",75750,Dorothea_Ar.H@example.com,HYBRID
87-2615627,Jsandye,Armin,1974-06-20,female,Training,75997,Jsandye_Ar.R@example.com,REMOTE
37-4391843,Kara-lynn,Arminger,2001-06-28,female,"Human Resources",140198,Kara-lynn_Ar.H@example.com,HYBRID
03-4116883,Mathilde,Armistead,1973-03-15,female,Services,128655,Mathilde_Ar.R@example.com,REMOTE
01-9549593,Tad,Armitage,1972-09-23,female,"Business Development",115729,Tad_Ar.R@example.com,REMOTE
06-7604069,Libbey,Armor,2000-07-14,female,Sales,82755,Libbey_Ar.H@example.com,HYBRID
56-8920707,Bree,Arnaez,1983-12-08,female,Sales,95683,Bree_Ar.H@example.com,HYBRID
73-2039802,Terri-jo,Arnall,1980-08-28,male,Engineering,78913,Terri-jo_Ar.H@example.com,HYBRID
51-5008634,Tan,Arnall,1992-08-03,female,"Research and Development",87036,Tan_Ar.R@example.com,REMOTE
05-0088915,Marcela,Arnao,1973-03-14,male,"Research and Development",117693,Marcela_Ar.R@example.com,REMOTE
53-5598658,Georas,Arnau,1985-03-22,female,Engineering,72222,Georas_Ar.H@example.com,HYBRID
05-0199826,Carlos,Arnaudet,2000-09-07,female,Support,65597,Carlos_Ar.R@example.com,REMOTE
24-1479306,Nikolas,Arnaudin,1971-11-14,male,Engineering,132238,Nikolas_Ar.R@example.com,REMOTE
41-6049402,Pepita,Arnauduc,1979-09-13,female,Training,118748,Pepita_Ar.H@example.com,HYBRID
32-4532251,Davidde,Arnault,1973-09-03,male,Engineering,140992,Davidde_Ar.R@example.com,REMOTE
96-5928267,Freddie,Arndt,1989-06-26,male,Support,121498,Freddie_Ar.H@example.com,HYBRID
39-5371253,Ethelbert,Arnecke,1978-09-17,male,Accounting,142238,Ethelbert_Ar.R@example.com,REMOTE
50-9942713,Leisha,Arnefield,1974-10-28,female,Sales,141921,Leisha_Ar.H@example.com,HYBRID
60-9402158,Parnell,Arnett,1982-11-08,female,Accounting,139127,Parnell_Ar.H@example.com,HYBRID
74-7367962,Melina,Arnfield,2000-12-26,male,Engineering,177556,Melina_Ar.H@example.com,HYBRID
79-9122568,Silvia,Arni,1975-08-28,female,Accounting,118087,Silvia_Ar.R@example.com,REMOTE
33-8090546,Erinn,Arnke,1972-04-23,female,Engineering,99048,Erinn_Ar.H@example.com,HYBRID
45-7593996,Dominique,Arnolds,1973-10-21,male,Engineering,140796,Dominique_Ar.H@example.com,HYBRID
86-3145441,Bernita,Arnould,1976-12-17,male,Marketing,125070,Bernita_Ar.H@example.com,HYBRID
86-5623028,Sayer,Arnoult,1976-10-10,male,Accounting,91131,Sayer_Ar.R@example.com,REMOTE
04-4699295,Rafferty,Arnoult,1998-10-22,female,Accounting,131874,Rafferty_Ar.H@example.com,HYBRID
32-3111347,Tannie,Arnoult,1978-06-05,female,"Human Resources",98145,Tannie_Ar.H@example.com,HYBRID
18-3499676,Kimberlyn,Arnson,1980-05-22,male,"Human Resources",155154,Kimberlyn_Ar.R@example.com,REMOTE
01-6945383,Margarete,Arnull,1990-07-26,male,"Research and Development",153176,Margarete_Ar.H@example.com,HYBRID
96-0666699,Violetta,Aronoff,1999-02-22,male,Accounting,137412,Violetta_Ar.H@example.com,HYBRID
42-9872675,Katherina,Aronovich,1995-01-08,female,Engineering,71893,Katherina_Ar.H@example.com,HYBRID
51-2951456,Ardenia,Aronovitz,1973-03-28,male,Marketing,70340,Ardenia_Ar.H@example.com,HYBRID
37-3610166,Gleda,Aronovitz,1967-01-27,male,Sales,156866,Gleda_Ar.R@example.com,REMOTE
76-4000273,Libby,Aronsohn,1977-06-04,male,Training,99386,Libby_Ar.R@example.com,REMOTE
30-4473665,Cordelia,Arpe,1997-07-19,male,Engineering,180368,Cordelia_Ar.R@example.com,REMOTE
23-6053433,Penny,Arpur,1990-10-10,female,Training,170170,Penny_Ar.H@example.com,HYBRID
79-0258662,Catie,Arr,1973-04-20,female,"Human Resources",144994,Catie_Ar.H@example.com,HYBRID
29-2940964,Vassily,Arrandale,1978-09-11,female,Services,110683,Vassily_Ar.H@example.com,HYBRID
38-3140916,Minni,Arrell,1987-06-22,male,Support,78252,Minni_Ar.H@example.com,HYBRID
92-8105620,Codee,Arrighi,1980-07-05,female,Engineering,66006,Codee_Ar.R@example.com,REMOTE
69-7829678,Gard,Arrington,1981-08-14,female,Engineering,128067,Gard_Ar.R@example.com,REMOTE
00-3030708,Guntar,Arro,1997-04-22,female,"Business Development",147374,Guntar_Ar.R@example.com,REMOTE
53-4926263,Donielle,Arrol,1982-11-22,female,Engineering,172052,Donielle_Ar.R@example.com,REMOTE
45-2192488,Violetta,Arrol,1983-09-22,male,Support,160137,Violetta_Ar.R@example.com,REMOTE
14-0261479,Pryce,Arrowsmith,1977-09-21,male,Support,150886,Pryce_Ar.R@example.com,REMOTE
36-7411224,Kirstyn,Arsnell,1972-09-04,female,"Research and Development",108439,Kirstyn_Ar.R@example.com,REMOTE
57-9225562,Dominga,Arstall,1966-10-04,male,Engineering,178564,Dominga_Ar.H@example.com,HYBRID
87-1595307,Eimile,Arstingall,1993-03-21,female,Support,103839,Eimile_Ar.H@example.com,HYBRID
87-0710715,Chryste,Artharg,1974-07-27,male,Accounting,131723,Chryste_Ar.H@example.com,HYBRID
45-7205520,Teodoor,Artharg,1968-01-08,female,"Business Development",146567,Teodoor_Ar.H@example.com,HYBRID
67-4989876,Fernando,Arthur,1997-03-31,male,Support,125165,Fernando_Ar.H@example.com,HYBRID
27-4621539,Barbee,Arthurs,1984-04-18,female,Engineering,79750,Barbee_Ar.H@example.com,HYBRID
56-1517274,Glenden,Arthurs,1996-04-22,female,Engineering,119050,Glenden_Ar.H@example.com,HYBRID
98-2014834,Sumner,Artin,1982-06-20,male,Training,112187,Sumner_Ar.R@example.com,REMOTE
84-7265933,Bud,Artinstall,1982-09-15,male,Accounting,184594,Bud_Ar.R@example.com,REMOTE
04-9300137,Lucila,Artinstall,1966-12-22,male,Engineering,77789,Lucila_Ar.H@example.com,HYBRID
70-1022322,Pincas,Artis,1997-11-25,female,Services,152918,Pincas_Ar.R@example.com,REMOTE
84-7974537,Anthony,Artiss,1972-12-04,male,Engineering,172044,Anthony_Ar.R@example.com,REMOTE
08-8339272,Lucinda,Artist,1988-04-10,female,"Human Resources",178245,Lucinda_Ar.R@example.com,REMOTE
91-4079801,Fayre,Artist,1966-04-24,female,Training,81010,Fayre_Ar.H@example.com,HYBRID
09-5070412,Bernardine,Artois,1976-03-28,female,Accounting,139178,Bernardine_Ar.H@example.com,HYBRID
26-0554846,Isiahi,Arton,1993-02-05,male,"Business Development",137026,Isiahi_Ar.H@example.com,HYBRID
79-3280515,Normie,Arton,1986-05-29,female,Sales,177381,Normie_Ar.R@example.com,REMOTE
96-2502132,Debee,Artz,1990-05-18,female,Sales,168266,Debee_Ar.R@example.com,REMOTE
07-7196631,Martguerita,Arundale,1988-04-17,male,"Product Management",129655,Martguerita_Ar.H@example.com,HYBRID
09-9641499,Briggs,Asals,1999-07-24,female,Services,170463,Briggs_As.R@example.com,REMOTE
86-9984815,Baird,Asbrey,1996-11-19,male,Services,112957,Baird_As.H@example.com,HYBRID
20-2549407,Trudi,Asch,1979-05-27,male,Accounting,105526,Trudi_As.R@example.com,REMOTE
31-2702975,Irv,Ascroft,1982-02-22,female,Engineering,172567,Irv_As.R@example.com,REMOTE
50-9178663,Asia,Ascrofte,1995-03-09,female,Engineering,80351,Asia_As.H@example.com,HYBRID
47-0159378,Brannon,Asee,1993-12-04,female,Accounting,155493,Brannon_As.H@example.com,HYBRID
25-0835789,Ranice,Ashbe,1966-10-11,male,Training,167951,Ranice_As.R@example.com,REMOTE
95-4878619,Armin,Ashbolt,1972-02-01,female,Accounting,84735,Armin_As.R@example.com,REMOTE
97-1191370,Mufi,Ashburner,1967-09-18,male,"Human Resources",82786,Mufi_As.H@example.com,HYBRID
15-8711329,Giselle,Ashcroft,1994-07-03,male,Accounting,158711,Giselle_As.H@example.com,HYBRID
55-3668564,Harley,Ashcroft,1994-03-28,male,Sales,182049,Harley_As.R@example.com,REMOTE
14-2313745,Sada,Ashfold,1967-03-23,female,Accounting,82811,Sada_As.H@example.com,HYBRID
84-2589567,Yovonnda,Ashforth,1973-01-15,male,Training,80825,Yovonnda_As.R@example.com,REMOTE
65-8335642,Ilyssa,Ashfull,1998-04-10,female,Marketing,68344,Ilyssa_As.H@example.com,HYBRID
33-5634368,Ellie,Ashingden,1998-10-28,female,Engineering,152001,Ellie_As.H@example.com,HYBRID
35-7444555,Annie,Ashlee,1987-02-27,male,Engineering,178755,Annie_As.R@example.com,REMOTE
02-3429255,Calli,Ashlin,2000-01-19,male,Legal,75983,Calli_As.H@example.com,HYBRID
09-2441745,Jermain,Ashlin,1997-08-20,female,Training,182418,Jermain_As.R@example.com,REMOTE
92-5281476,Illa,Ashment,1984-04-26,female,Engineering,80054,Illa_As.H@example.com,HYBRID
89-0205866,Jerrie,Ashness,1993-06-25,female,Engineering,71583,Jerrie_As.H@example.com,HYBRID
69-3621540,Berke,Ashplant,2000-09-27,male,Support,128165,Berke_As.H@example.com,HYBRID
55-5228646,Philly,Ashtonhurst,1972-10-05,male,Engineering,139093,Philly_As.H@example.com,HYBRID
04-7753978,Elias,Ashtonhurst,1989-11-29,male,"Human Resources",117031,Elias_As.R@example.com,REMOTE
43-9957034,Padgett,Ashwell,1967-06-06,male,Engineering,136002,Padgett_As.H@example.com,HYBRID
36-5875135,Bianka,Ashwell,1969-10-02,female,Training,95310,Bianka_As.H@example.com,HYBRID
21-3565671,Aidan,Ashwood,1976-07-15,male,Sales,82252,Aidan_As.R@example.com,REMOTE
17-1413463,Augustine,Ashworth,1997-12-17,male,Engineering,101381,Augustine_As.R@example.com,REMOTE
66-3010743,Troy,Asif,1968-07-10,male,"Business Development",81271,Troy_As.H@example.com,HYBRID
64-7686430,Brynna,Asif,2000-02-14,male,"Business Development",89761,Brynna_As.R@example.com,REMOTE
61-8350086,Peyter,Askam,1971-05-12,male,"Business Development",156873,Peyter_As.H@example.com,HYBRID
30-3717997,Hubie,Askaw,1996-03-20,female,Services,99176,Hubie_As.H@example.com,HYBRID
57-8584114,Beverlee,Askem,1999-05-04,male,"Human Resources",179037,Beverlee_As.R@example.com,REMOTE
39-5142062,Fara,Asker,1977-11-13,male,Sales,154921,Fara_As.R@example.com,REMOTE
29-7637430,Layne,Asker,1998-08-21,female,Training,100210,Layne_As.R@example.com,REMOTE
51-0119535,Emmy,Askey,1974-01-24,female,"Research and Development",96454,Emmy_As.H@example.com,HYBRID
85-1943345,Brandie,Askie,1983-02-18,female,Sales,171487,Brandie_As.H@example.com,HYBRID
65-8083531,Garreth,Askin,1991-01-24,female,Sales,148528,Garreth_As.H@example.com,HYBRID
62-5250441,Kathlin,Aslin,1988-06-26,female,Accounting,65133,Kathlin_As.R@example.com,REMOTE
40-2966927,Florrie,Asman,1975-06-10,female,Accounting,165709,Florrie_As.H@example.com,HYBRID
65-0509906,Rinaldo,Aspden,1970-07-27,male,Engineering,148622,Rinaldo_As.H@example.com,HYBRID
69-2479057,Daniel,Aspinal,1972-12-27,female,"Research and Development",121534,Daniel_As.R@example.com,REMOTE
15-2814639,Adah,Aspinell,1967-05-28,male,Support,65382,Adah_As.H@example.com,HYBRID
27-5952941,Jorge,Aspinwall,1966-09-12,male,Engineering,113482,Jorge_As.R@example.com,REMOTE
87-0496142,Karlotte,Asple,1969-04-28,male,"Business Development",83187,Karlotte_As.H@example.com,HYBRID
62-7709696,Sherman,Asple,1979-12-07,female,Legal,181596,Sherman_As.H@example.com,HYBRID
53-6605967,Doti,Asplen,1976-10-21,female,"Product Management",144782,Doti_As.H@example.com,HYBRID
59-9088927,Skippie,Aspole,2001-01-06,female,Sales,139757,Skippie_As.H@example.com,HYBRID
90-6975745,Salim,Asprey,1977-04-10,male,Engineering,115266,Salim_As.R@example.com,REMOTE
15-5633047,Otis,Assandri,1984-07-15,male,Accounting,103986,Otis_As.R@example.com,REMOTE
99-0946920,Fee,Assandri,1981-08-31,female,Sales,121126,Fee_As.R@example.com,REMOTE
16-5179974,Rosina,Assinder,1982-01-28,female,Training,74213,Rosina_As.R@example.com,REMOTE
19-4238272,Durant,Asson,1999-03-13,female,Accounting,114352,Durant_As.H@example.com,HYBRID
75-3181143,Lenette,Assur,1969-08-31,female,Engineering,123915,Lenette_As.H@example.com,HYBRID
97-8309855,Jim,Astall,1973-08-17,female,Engineering,79138,Jim_As.R@example.com,REMOTE
86-1951051,Cyril,Astill,1969-05-26,female,Engineering,123717,Cyril_As.H@example.com,HYBRID
89-4860673,Shina,Astles,1991-05-04,female,"Research and Development",111835,Shina_As.H@example.com,HYBRID
60-5063961,Clayson,Astlet,1980-07-09,male,Services,172293,Clayson_As.H@example.com,HYBRID
05-4137232,Jerrine,Astlet,1970-03-06,female,Training,133391,Jerrine_As.H@example.com,HYBRID
53-8307394,Cecilius,Astlett,2002-08-17,male,Marketing,74954,Cecilius_As.R@example.com,REMOTE
62-3415608,Maryrose,Astlett,1996-08-26,female,"Research and Development",154645,Maryrose_As.R@example.com,REMOTE
00-2367299,Lenka,Astridge,2000-12-01,male,"Human Resources",134657,Lenka_As.H@example.com,HYBRID
40-4079476,Devi,Astridge,1970-09-12,female,Training,112368,Devi_As.R@example.com,REMOTE
97-2200894,Blanche,Atack,1981-08-18,female,Engineering,94587,Blanche_At.R@example.com,REMOTE
65-3069162,Alyda,Ateggart,1977-04-02,female,Sales,102629,Alyda_At.R@example.com,REMOTE
35-7362397,Shauna,Ateridge,1992-07-01,male,Services,130357,Shauna_At.R@example.com,REMOTE
36-0970872,Dani,Atherton,1998-05-08,male,Accounting,72277,Dani_At.H@example.com,HYBRID
56-6337936,Blinni,Atkin,1987-09-05,female,Services,114342,Blinni_At.H@example.com,HYBRID
74-5271629,Heidi,Atlee,1982-02-19,male,Engineering,126044,Heidi_At.R@example.com,REMOTE
96-6267666,Alana,Atling,1986-11-27,female,Engineering,120492,Alana_At.H@example.com,HYBRID
73-1468834,Jeane,Attac,1986-09-17,male,"Business Development",167598,Jeane_At.R@example.com,REMOTE
73-0777834,Brant,Attard,1970-10-19,male,Accounting,165685,Brant_At.H@example.com,HYBRID
34-8013833,Winthrop,Atteridge,1972-05-27,male,Services,118537,Winthrop_At.R@example.com,REMOTE
41-7358441,Orlando,Atterley,1991-02-27,female,Engineering,117510,Orlando_At.H@example.com,HYBRID
08-8679957,Welch,Atterley,1969-05-04,male,Services,183857,Welch_At.H@example.com,HYBRID
62-2955438,Charmian,Attersoll,1985-10-19,male,Accounting,83664,Charmian_At.H@example.com,HYBRID
74-6615966,Humberto,Attewell,1971-03-29,female,Engineering,133452,Humberto_At.H@example.com,HYBRID
44-4455691,Carmela,Attewill,1975-09-24,female,Engineering,127964,Carmela_At.R@example.com,REMOTE
42-4135834,Sigrid,Atthow,1992-04-08,male,Training,137013,Sigrid_At.R@example.com,REMOTE
10-0993929,Harp,Attiwill,2002-02-20,male,Engineering,168859,Harp_At.H@example.com,HYBRID
73-1560864,Lynette,Attlee,1996-05-04,male,Engineering,101904,Lynette_At.R@example.com,REMOTE
89-2766717,Alyosha,Attlee,1990-02-03,male,Support,152034,Alyosha_At.H@example.com,HYBRID
99-5888189,Ollie,Atton,1990-06-12,female,"Business Development",89935,Ollie_At.H@example.com,HYBRID
39-5839696,Chick,Attow,1989-02-26,female,Accounting,130024,Chick_At.H@example.com,HYBRID
39-2742752,Reeva,Attow,1989-09-18,female,Accounting,126303,Reeva_At.H@example.com,HYBRID
81-7741488,Shoshanna,Attreed,1981-12-23,female,Accounting,177760,Shoshanna_At.H@example.com,HYBRID
42-3039847,Augy,Attwater,1966-11-18,female,Support,184513,Augy_At.H@example.com,HYBRID
86-2554938,Marcela,Attwill,1984-02-14,female,Sales,96755,Marcela_At.R@example.com,REMOTE
50-6559750,Spenser,Atwel,1989-10-07,male,Engineering,163583,Spenser_At.R@example.com,REMOTE
64-8664397,Bianca,Atwill,1999-08-28,male,Training,107531,Bianca_At.H@example.com,HYBRID
75-1944551,Gerardo,Aubin,1979-01-01,female,Accounting,146523,Gerardo_Au.H@example.com,HYBRID
73-2261606,Maegan,Aubray,1987-10-11,female,Accounting,78282,Maegan_Au.R@example.com,REMOTE
64-7652771,Jakob,Aubray,2002-05-10,female,Engineering,180422,Jakob_Au.H@example.com,HYBRID
21-4821116,Pearce,Auchinleck,1987-05-31,female,Training,146042,Pearce_Au.H@example.com,HYBRID
32-2721731,Dougie,Auchterlonie,1989-10-14,male,Engineering,120255,Dougie_Au.R@example.com,REMOTE
37-0538925,Grace,Aucourte,2001-06-28,male,Engineering,103033,Grace_Au.R@example.com,REMOTE
83-0855993,Pembroke,Audus,1968-12-09,female,"Business Development",127392,Pembroke_Au.R@example.com,REMOTE
53-3457755,Rose,Auger,1994-05-23,male,"Business Development",180578,Rose_Au.R@example.com,REMOTE
21-8271491,Katina,Augie,1981-02-06,female,Services,102173,Katina_Au.H@example.com,HYBRID
63-6527414,Fanya,Augur,2002-08-02,male,Accounting,75819,Fanya_Au.H@example.com,HYBRID
77-9501144,Bobby,Auguste,1977-10-18,female,Accounting,103814,Bobby_Au.R@example.com,REMOTE
38-6986047,Lorne,Auguste,1984-12-24,male,Legal,126573,Lorne_Au.R@example.com,REMOTE
29-7347464,Stavros,Augustine,1979-02-14,female,Support,88955,Stavros_Au.R@example.com,REMOTE
27-2619893,Gustavo,Augustus,1997-12-06,female,Engineering,119097,Gustavo_Au.R@example.com,REMOTE
23-5023814,Bale,Aujean,1970-12-25,female,Support,94684,Bale_Au.H@example.com,HYBRID
63-6117749,Clint,Auld,1998-02-27,female,Sales,165218,Clint_Au.H@example.com,HYBRID
89-0618848,Tuesday,Aulds,1993-10-21,male,Accounting,150431,Tuesday_Au.R@example.com,REMOTE
05-0921423,Felipe,Aulton,1977-09-06,female,Training,91284,Felipe_Au.R@example.com,REMOTE
86-8684686,Lauritz,Ausello,1987-04-07,male,Accounting,167725,Lauritz_Au.R@example.com,REMOTE
07-0177926,Delinda,Ausello,1983-01-21,male,Support,162867,Delinda_Au.H@example.com,HYBRID
38-0629143,Orren,Ausiello,1980-04-29,male,"Research and Development",162713,Orren_Au.H@example.com,HYBRID
08-3034249,Birch,Ausiello,2000-01-19,male,Sales,158270,Birch_Au.H@example.com,HYBRID
12-7009052,Dannie,Austick,1978-11-21,female,"Business Development",109732,Dannie_Au.H@example.com,HYBRID
43-5227692,Josselyn,Auston,1990-06-14,male,Sales,68118,Josselyn_Au.R@example.com,REMOTE
72-1058847,Daphne,Autie,1980-05-18,female,Engineering,77871,Daphne_Au.R@example.com,REMOTE
55-2618550,Verine,Autin,2001-01-06,male,Services,95119,Verine_Au.R@example.com,REMOTE
10-6039354,Berri,Auton,1993-07-27,male,Sales,152280,Berri_Au.H@example.com,HYBRID
55-2109643,Janetta,Auty,1968-12-08,male,Accounting,177700,Janetta_Au.R@example.com,REMOTE
21-8470626,Marlene,Auty,1978-12-10,male,"Business Development",95583,Marlene_Au.R@example.com,REMOTE
87-1635794,Sarine,Avann,1999-03-28,female,"Business Development",131423,Sarine_Av.H@example.com,HYBRID
18-8682461,Anastassia,Avann,1985-08-26,male,Engineering,121087,Anastassia_Av.H@example.com,HYBRID
31-1747733,Sigismondo,Avent,1996-03-25,male,Training,138461,Sigismondo_Av.H@example.com,HYBRID
90-7665062,Jacklyn,Avesque,1975-10-13,male,Engineering,162935,Jacklyn_Av.H@example.com,HYBRID
08-9463653,Tiphany,Avey,1976-06-30,male,"Business Development",87335,Tiphany_Av.R@example.com,REMOTE
36-2788586,Bonnie,Aveyard,1988-09-01,male,Sales,163113,Bonnie_Av.R@example.com,REMOTE
22-2213481,Zuzana,Avieson,1990-06-20,male,"Business Development",72113,Zuzana_Av.H@example.com,HYBRID
50-6722391,Robers,Avieson,1977-12-24,female,Engineering,113315,Robers_Av.R@example.com,REMOTE
49-4712528,Marcelle,Aviss,1987-02-15,female,Engineering,103572,Marcelle_Av.R@example.com,REMOTE
13-8067059,Juanita,Avo,1996-08-25,female,Engineering,181816,Juanita_Av.R@example.com,REMOTE
69-2477822,Annamaria,Avory,1993-01-28,female,Marketing,182730,Annamaria_Av.R@example.com,REMOTE
95-0976095,Peg,Avory,1997-12-15,female,Sales,117765,Peg_Av.R@example.com,REMOTE
70-6186851,Ahmed,Avraam,1967-10-05,female,"Business Development",156879,Ahmed_Av.R@example.com,REMOTE
50-4167759,Peadar,Avraam,1999-03-01,male,"Business Development",121714,Peadar_Av.R@example.com,REMOTE
50-1280435,Katharina,Avraam,1989-07-03,male,Engineering,97939,Katharina_Av.H@example.com,HYBRID
61-7983005,Tudor,Avraam,1979-11-17,female,Services,182587,Tudor_Av.R@example.com,REMOTE
42-1895807,Ernesto,Avraham,1991-03-15,female,Engineering,175002,Ernesto_Av.R@example.com,REMOTE
83-4318213,Toinette,Avrahamy,1998-04-12,female,Accounting,148335,Toinette_Av.R@example.com,REMOTE
86-2809790,Reiko,Avrahm,1988-10-29,female,Engineering,181529,Reiko_Av.H@example.com,HYBRID
90-8591259,Ina,Avramovitz,1980-07-23,male,"Human Resources",155741,Ina_Av.R@example.com,REMOTE
98-4518232,Myrvyn,Avramow,1968-02-13,male,Accounting,128370,Myrvyn_Av.R@example.com,REMOTE
00-9896573,Shae,Avramow,1967-09-18,female,"Human Resources",156913,Shae_Av.R@example.com,REMOTE
56-0339574,Gert,Avrasin,1994-11-14,female,Accounting,75843,Gert_Av.R@example.com,REMOTE
96-6510338,Pearl,Awcoate,1972-05-09,female,Accounting,73758,Pearl_Aw.R@example.com,REMOTE
87-5931552,Hyatt,Awde,1999-06-18,male,Sales,152340,Hyatt_Aw.H@example.com,HYBRID
15-4210439,Melinda,Axcell,1987-04-06,male,Accounting,98280,Melinda_Ax.H@example.com,HYBRID
72-6891487,Melloney,Axe,1999-01-13,male,Accounting,176364,Melloney_Ax.H@example.com,HYBRID
20-0385369,Henri,Axell,2001-12-05,female,"Business Development",76247,Henri_Ax.R@example.com,REMOTE
17-2126739,Anastassia,Axten,2000-08-02,female,"Business Development",182642,Anastassia_Ax.R@example.com,REMOTE
72-1012071,Rosana,Axtonne,1979-01-16,male,Sales,94260,Rosana_Ax.R@example.com,REMOTE
60-5395959,Ranique,Axup,1970-02-16,male,Accounting,69681,Ranique_Ax.H@example.com,HYBRID
04-3024359,Ignacius,Axup,1970-11-03,male,"Human Resources",131786,Ignacius_Ax.R@example.com,REMOTE
91-6343870,Isabel,Ayer,1980-09-25,male,Accounting,76949,Isabel_Ay.H@example.com,HYBRID
85-9115902,Nickola,Ayer,1992-08-02,female,Services,172400,Nickola_Ay.R@example.com,REMOTE
58-4167195,Saxe,Ayers,1991-08-21,male,"Product Management",82161,Saxe_Ay.R@example.com,REMOTE
07-4660789,Waylon,Ayerst,1966-11-04,male,Engineering,106387,Waylon_Ay.R@example.com,REMOTE
87-2085987,Atalanta,Aylett,1971-09-20,male,Engineering,85046,Atalanta_Ay.R@example.com,REMOTE
71-6198915,Winnah,Ayllett,1997-06-08,male,Accounting,132161,Winnah_Ay.R@example.com,REMOTE
03-8379640,Elmo,Aylmer,2001-10-18,male,Engineering,73088,Elmo_Ay.R@example.com,REMOTE
36-0266708,Elianore,Aylmore,1988-08-31,male,Services,182232,Elianore_Ay.H@example.com,HYBRID
54-0692280,Caterina,Aylott,1992-05-28,female,Accounting,158216,Caterina_Ay.H@example.com,HYBRID
56-9200715,Cherish,Aylott,1987-10-15,male,"Product Management",106041,Cherish_Ay.R@example.com,REMOTE
37-8015740,Paulo,Aylott,1992-05-02,male,Services,145332,Paulo_Ay.H@example.com,HYBRID
71-8043654,Elijah,Aymer,1976-11-03,male,Accounting,150373,Elijah_Ay.R@example.com,REMOTE
99-3237526,Atlanta,Aymeric,1996-06-09,male,Services,173223,Atlanta_Ay.H@example.com,HYBRID
06-1237026,Silvio,Ayree,1978-03-03,male,Accounting,144514,Silvio_Ay.R@example.com,REMOTE
34-7622704,Andriana,Ayres,1992-03-04,female,Sales,150206,Andriana_Ay.H@example.com,HYBRID
78-3319633,Helge,Ayris,1999-09-30,male,"Human Resources",149608,Helge_Ay.H@example.com,HYBRID
68-5204370,Livvy,Ayrton,1995-07-20,male,Accounting,129626,Livvy_Ay.R@example.com,REMOTE
07-4432399,Leopold,Aysh,1991-05-24,male,Accounting,111756,Leopold_Ay.R@example.com,REMOTE
85-9860362,Ediva,Baack,1975-07-24,female,Engineering,72058,Ediva_Ba.H@example.com,HYBRID
66-1464806,Wallie,Baalham,1988-10-14,female,"Human Resources",69632,Wallie_Ba.H@example.com,HYBRID
30-0601421,Benedicta,Baalham,1971-08-07,male,"Human Resources",96470,Benedicta_Ba.R@example.com,REMOTE
70-3095198,Christoforo,Babar,1999-11-02,male,Engineering,132904,Christoforo_Ba.R@example.com,REMOTE
40-4221173,Dallas,Babar,1975-11-28,female,Support,69215,Dallas_Ba.R@example.com,REMOTE
76-0071525,Kylynn,Babbs,1967-02-22,female,Training,105939,Kylynn_Ba.R@example.com,REMOTE
24-3400361,Nil,Babe,1972-04-30,male,"Research and Development",119677,Nil_Ba.R@example.com,REMOTE
36-6417671,Rebeca,Babidge,1988-02-21,male,Training,162132,Rebeca_Ba.H@example.com,HYBRID
53-8718018,Coreen,Babinski,1979-07-16,male,Accounting,108575,Coreen_Ba.R@example.com,REMOTE
53-7221813,Sloane,Babon,1994-09-06,male,Engineering,102804,Sloane_Ba.R@example.com,REMOTE
33-8243464,Lissa,Babonau,1983-08-28,female,"Business Development",130709,Lissa_Ba.H@example.com,HYBRID
12-9084841,Myrwyn,Babst,1978-10-10,male,Engineering,182063,Myrwyn_Ba.H@example.com,HYBRID
39-5299301,Baillie,Babst,2000-09-22,female,Training,110989,Baillie_Ba.H@example.com,HYBRID
78-0857021,Saidee,Bacchus,1979-07-30,female,Accounting,79211,Saidee_Ba.H@example.com,HYBRID
83-0423840,Evonne,Bach,1993-08-21,male,"Human Resources",105025,Evonne_Ba.H@example.com,HYBRID
10-1014143,Ugo,Bachelar,1987-08-02,male,Accounting,162511,Ugo_Ba.H@example.com,HYBRID
94-7706414,Vladamir,Bachelar,1975-04-11,female,Engineering,84291,Vladamir_Ba.H@example.com,HYBRID
76-3742580,Darn,Bachs,2000-10-12,male,Engineering,72259,Darn_Ba.R@example.com,REMOTE
06-8752052,Birgit,Bachshell,1974-12-22,male,"Business Development",89138,Birgit_Ba.H@example.com,HYBRID
99-5753130,Felicity,Bachura,1994-03-30,male,Engineering,168670,Felicity_Ba.H@example.com,HYBRID
50-4543324,Pierre,Backe,2000-12-29,male,Accounting,88786,Pierre_Ba.H@example.com,HYBRID
53-0016889,Meriel,Backe,1992-09-04,female,Services,88278,Meriel_Ba.H@example.com,HYBRID
90-2901952,Hector,Backhouse,1986-05-27,male,Training,87054,Hector_Ba.R@example.com,REMOTE
88-5327153,Mair,Backhurst,1997-11-13,male,"Product Management",153284,Mair_Ba.R@example.com,REMOTE
58-3792449,Olimpia,Backhurst,1979-11-05,male,Sales,158166,Olimpia_Ba.H@example.com,HYBRID
90-5164569,Diandra,Backler,1968-09-23,male,Accounting,132159,Diandra_Ba.H@example.com,HYBRID
29-1794118,Hardy,Backler,1972-06-13,male,Services,89554,Hardy_Ba.H@example.com,HYBRID
09-5272023,Martino,Backman,1985-10-20,male,Training,151938,Martino_Ba.R@example.com,REMOTE
93-8634452,Carlita,Backs,1979-08-22,male,"Business Development",81434,Carlita_Ba.R@example.com,REMOTE
13-7682883,Clark,Backshell,1987-06-19,male,Accounting,146592,Clark_Ba.H@example.com,HYBRID
37-1536984,Saba,Bacon,1971-02-23,male,"Human Resources",150713,Saba_Ba.H@example.com,HYBRID
37-9476367,Stephie,Bacon,1966-01-12,male,"Research and Development",84561,Stephie_Ba.H@example.com,HYBRID
19-1303362,Yasmin,Badam,2001-07-23,male,Engineering,132117,Yasmin_Ba.H@example.com,HYBRID
47-5576784,Doreen,Baddam,1993-09-01,female,Accounting,151915,Doreen_Ba.R@example.com,REMOTE
68-4712524,Karla,Baddam,1979-06-17,female,Engineering,119376,Karla_Ba.H@example.com,HYBRID
27-8375980,Babb,Badder,1976-09-23,female,Engineering,155942,Babb_Ba.H@example.com,HYBRID
86-2579350,Norbert,Badder,1982-07-22,female,"Research and Development",82519,Norbert_Ba.H@example.com,HYBRID
16-7892916,Tildy,Baddoe,1984-12-24,male,"Business Development",166384,Tildy_Ba.R@example.com,REMOTE
98-0592630,Nisse,Badger,1985-11-22,female,Engineering,178437,Nisse_Ba.R@example.com,REMOTE
17-4134716,Sutton,Badger,1974-06-20,male,"Human Resources",158138,Sutton_Ba.H@example.com,HYBRID
51-4123470,Torey,Badger,1991-03-28,male,Sales,87922,Torey_Ba.H@example.com,HYBRID
95-3642314,Briney,Badgers,1991-03-01,male,"Business Development",86287,Briney_Ba.H@example.com,HYBRID
88-7198956,Lurline,Badman,1998-04-22,male,Services,68864,Lurline_Ba.H@example.com,HYBRID
67-2501522,Codie,Badrick,1977-05-18,female,Accounting,109916,Codie_Ba.H@example.com,HYBRID
40-7700897,Frederique,Baford,1996-05-29,male,Training,165508,Frederique_Ba.R@example.com,REMOTE
33-3091127,Cindie,Bagg,1991-03-10,male,Engineering,98909,Cindie_Ba.R@example.com,REMOTE
04-7312784,Clovis,Baggaley,1987-07-26,female,Accounting,92876,Clovis_Ba.H@example.com,HYBRID
22-7493591,Jackie,Baggarley,1991-09-18,male,Accounting,92199,Jackie_Ba.R@example.com,REMOTE
50-8954463,Yettie,Baggott,1968-02-27,female,"Business Development",78985,Yettie_Ba.H@example.com,HYBRID
47-2833994,Codie,Bagguley,2001-08-16,male,"Human Resources",131557,Codie_Ba.R@example.com,REMOTE
71-4244255,Britt,Bagley,1979-01-16,male,Training,169290,Britt_Ba.R@example.com,REMOTE
83-0874471,Stacee,Bagnold,2000-10-22,female,Services,88358,Stacee_Ba.H@example.com,HYBRID
18-0559717,Umeko,Bagot,2000-09-06,male,"Human Resources",155524,Umeko_Ba.H@example.com,HYBRID
28-2421244,Kathrine,Bagot,1968-08-24,female,"Product Management",96874,Kathrine_Ba.H@example.com,HYBRID
67-8599327,Madison,Bagott,1970-07-11,male,Engineering,175965,Madison_Ba.R@example.com,REMOTE
52-2971700,Kyle,Bagshaw,1997-12-06,male,Support,130438,Kyle_Ba.R@example.com,REMOTE
49-8725932,Aurilia,Bahl,2000-10-02,female,Engineering,180663,Aurilia_Ba.R@example.com,REMOTE
88-8893649,Olympe,Bahlmann,1969-06-24,female,Legal,145603,Olympe_Ba.R@example.com,REMOTE
05-6784721,Brand,Bahls,1992-03-16,male,"Research and Development",166959,Brand_Ba.R@example.com,REMOTE
44-6908446,Rosanne,Baiden,1999-03-12,male,"Human Resources",171854,Rosanne_Ba.R@example.com,REMOTE
64-0101683,Ivonne,Baike,1980-02-11,male,Support,116091,Ivonne_Ba.R@example.com,REMOTE
81-6555339,Florida,Baile,2002-06-16,male,Sales,132642,Florida_Ba.H@example.com,HYBRID
52-6742038,Itch,Bailey,1992-06-29,male,"Business Development",155183,Itch_Ba.R@example.com,REMOTE
01-8019865,Marline,Bailiss,2002-04-18,male,Engineering,105827,Marline_Ba.H@example.com,HYBRID
92-6311955,Keeley,Bails,1970-08-15,male,Services,164512,Keeley_Ba.R@example.com,REMOTE
76-8588042,Edgardo,Bain,1989-12-25,female,"Business Development",75139,Edgardo_Ba.H@example.com,HYBRID
09-3305736,Sheffy,Bainbridge,1989-08-18,male,Engineering,170089,Sheffy_Ba.H@example.com,HYBRID
52-3982627,Audry,Baine,1999-08-20,female,"Business Development",71699,Audry_Ba.R@example.com,REMOTE
52-4795037,Darell,Baines,1981-12-09,female,Engineering,97424,Darell_Ba.R@example.com,REMOTE
78-0484569,Adlai,Bairstow,1969-11-06,male,Sales,148906,Adlai_Ba.R@example.com,REMOTE
58-1483153,Warren,Baise,2001-12-14,male,Sales,149384,Warren_Ba.H@example.com,HYBRID
72-6956848,Jade,Baiss,1989-03-12,male,Sales,149408,Jade_Ba.H@example.com,HYBRID
21-5371812,Ernaline,Baistow,1992-03-30,female,Engineering,161157,Ernaline_Ba.R@example.com,REMOTE
47-3760796,Lilyan,Baitey,1981-10-15,female,Sales,92332,Lilyan_Ba.R@example.com,REMOTE
11-5509813,George,Bakesef,1968-12-06,female,Services,76135,George_Ba.R@example.com,REMOTE
12-0579002,Taryn,Bakesef,1997-07-17,male,Services,143513,Taryn_Ba.R@example.com,REMOTE
81-9341439,Linea,Bakewell,1972-01-13,male,"Product Management",105614,Linea_Ba.H@example.com,HYBRID
81-1860674,Amalee,Bakhrushin,1972-08-19,male,Accounting,106334,Amalee_Ba.H@example.com,HYBRID
12-7135490,Gabie,Bakhrushkin,1967-09-09,female,"Business Development",104853,Gabie_Ba.H@example.com,HYBRID
31-6881670,Merry,Balaison,1969-07-18,male,Engineering,121589,Merry_Ba.H@example.com,HYBRID
44-6757074,Molly,Balaisot,1975-11-17,male,"Human Resources",145187,Molly_Ba.R@example.com,REMOTE
20-7935540,Jelene,Balaizot,1991-06-19,female,Accounting,81579,Jelene_Ba.H@example.com,HYBRID
26-9566713,Sile,Balas,1966-11-03,male,Services,69181,Sile_Ba.H@example.com,HYBRID
66-3015935,Gay,Balasin,1980-09-27,male,Accounting,81546,Gay_Ba.R@example.com,REMOTE
91-6213640,Dyan,Balassi,2002-05-09,male,Engineering,181462,Dyan_Ba.H@example.com,HYBRID
75-8171493,Crista,Balazot,2001-08-27,male,Engineering,163250,Crista_Ba.H@example.com,HYBRID
37-1382757,Romy,Balbeck,1973-05-20,male,Engineering,156075,Romy_Ba.R@example.com,REMOTE
64-5126922,Susanne,Balch,1976-01-11,female,Engineering,70732,Susanne_Ba.H@example.com,HYBRID
25-5332906,Agnese,Balch,1994-08-31,female,Training,139706,Agnese_Ba.H@example.com,HYBRID
50-8482221,Harri,Balcock,1996-10-12,male,"Research and Development",74156,Harri_Ba.R@example.com,REMOTE
01-1097895,Sayer,Balcock,1992-04-08,female,Sales,69554,Sayer_Ba.R@example.com,REMOTE
56-5947766,Archaimbaud,Balcombe,1978-07-27,female,Training,85277,Archaimbaud_Ba.R@example.com,REMOTE
52-3078658,Alley,Balcon,1987-12-16,female,Accounting,78079,Alley_Ba.H@example.com,HYBRID
33-1031424,Lynnett,Balcon,1967-03-25,male,"Business Development",111198,Lynnett_Ba.R@example.com,REMOTE
66-2937490,Ninnette,Baldassi,1993-10-24,male,Engineering,109614,Ninnette_Ba.R@example.com,REMOTE
83-2669776,Hermione,Baldcock,1971-01-31,female,Support,107306,Hermione_Ba.H@example.com,HYBRID
93-5984193,Everett,Baldelli,2000-01-13,male,Engineering,80262,Everett_Ba.H@example.com,HYBRID
09-8739842,Charmine,Baldelli,1999-08-29,male,Services,167730,Charmine_Ba.R@example.com,REMOTE
12-9126376,Joby,Balden,1979-09-09,female,Services,86144,Joby_Ba.R@example.com,REMOTE
33-7354858,Birgitta,Baldetti,1975-02-03,male,Engineering,184799,Birgitta_Ba.R@example.com,REMOTE
55-1134869,Roy,Baldin,1999-11-05,male,"Business Development",67066,Roy_Ba.R@example.com,REMOTE
35-5424204,Eleonore,Baldini,1995-08-31,female,Sales,85062,Eleonore_Ba.R@example.com,REMOTE
46-5881602,Wilburt,Baldoni,1979-09-23,female,Engineering,125054,Wilburt_Ba.H@example.com,HYBRID
71-4700123,Dahlia,Baldrey,1990-12-05,male,Engineering,138042,Dahlia_Ba.H@example.com,HYBRID
58-8409962,Thane,Baldrick,1993-05-01,female,Support,110036,Thane_Ba.H@example.com,HYBRID
89-3263262,Vincents,Baldry,1974-09-01,female,"Business Development",142785,Vincents_Ba.H@example.com,HYBRID
82-3737357,Lorry,Balducci,1999-02-08,female,Engineering,91570,Lorry_Ba.R@example.com,REMOTE
26-4336801,Brandie,Balffye,1984-03-16,male,"Research and Development",126449,Brandie_Ba.R@example.com,REMOTE
72-3483619,Kearney,Balfour,1973-12-10,female,"Research and Development",148206,Kearney_Ba.R@example.com,REMOTE
26-9639352,Caro,Balk,1971-02-12,female,Sales,105891,Caro_Ba.R@example.com,REMOTE
77-9424010,Jon,Balke,1980-04-03,female,Support,142733,Jon_Ba.R@example.com,REMOTE
79-6225986,Bern,Balkwill,1975-05-11,male,Accounting,127231,Bern_Ba.R@example.com,REMOTE
18-7663449,Jessie,Ball,1990-07-02,female,Legal,115421,Jessie_Ba.H@example.com,HYBRID
77-8132875,Tine,Ballach,1998-06-10,female,Engineering,98629,Tine_Ba.H@example.com,HYBRID
77-7058096,Sybyl,Ballam,1999-09-18,female,Engineering,174242,Sybyl_Ba.R@example.com,REMOTE
78-9526269,Kirsten,Ballance,1978-01-31,female,Engineering,79393,Kirsten_Ba.H@example.com,HYBRID
21-7150852,Averill,Ballance,1975-03-07,female,Engineering,162907,Averill_Ba.H@example.com,HYBRID
37-3462648,Kane,Ballefant,1968-06-29,male,"Business Development",151104,Kane_Ba.H@example.com,HYBRID
31-3064602,Milty,Ballefant,1987-07-13,female,"Human Resources",81376,Milty_Ba.R@example.com,REMOTE
03-6480837,Dion,Ballham,1989-06-05,female,Accounting,166059,Dion_Ba.H@example.com,HYBRID
33-0069707,Antonietta,Ballin,1984-11-11,male,Services,126924,Antonietta_Ba.H@example.com,HYBRID
31-9925227,Violetta,Ballingal,1966-02-13,male,Engineering,66809,Violetta_Ba.H@example.com,HYBRID
52-0002931,Hayden,Ballinger,1966-08-30,female,Engineering,157444,Hayden_Ba.R@example.com,REMOTE
12-2820578,Ferrel,Ballintyne,1994-01-04,male,Support,130133,Ferrel_Ba.R@example.com,REMOTE
06-0192116,Golda,Balloch,1978-12-10,female,"Human Resources",114624,Golda_Ba.H@example.com,HYBRID
24-8238175,Yankee,Ballston,1991-07-25,female,Sales,150004,Yankee_Ba.H@example.com,HYBRID
09-3688591,Melinda,Balm,1968-06-03,female,Accounting,66473,Melinda_Ba.H@example.com,HYBRID
26-6034541,Ulrich,Balm,1970-09-27,male,Accounting,152920,Ulrich_Ba.H@example.com,HYBRID
33-7110873,Case,Balm,1999-03-14,male,"Human Resources",162964,Case_Ba.R@example.com,REMOTE
15-5925029,Sile,Balm,1999-12-24,male,"Human Resources",97190,Sile_Ba.H@example.com,HYBRID
62-0682968,Morgen,Balma,1985-08-23,male,Engineering,83961,Morgen_Ba.R@example.com,REMOTE
76-4602617,Dorri,Balmadier,1979-07-29,female,"Human Resources",126097,Dorri_Ba.R@example.com,REMOTE
62-2555272,Murray,Balmadier,1997-09-16,male,Support,158610,Murray_Ba.R@example.com,REMOTE
67-5733765,Vannie,Balmadier,1983-04-22,male,Training,107627,Vannie_Ba.H@example.com,HYBRID
54-5092300,Giustino,Balmforth,1971-10-26,female,"Human Resources",143985,Giustino_Ba.R@example.com,REMOTE
56-5292430,Trix,Balnaves,1971-08-21,female,"Business Development",137236,Trix_Ba.R@example.com,REMOTE
01-2097413,Hugues,Balog,1975-12-19,male,Engineering,133393,Hugues_Ba.H@example.com,HYBRID
71-0684812,Binnie,Balser,1993-11-23,male,Engineering,121318,Binnie_Ba.R@example.com,REMOTE
60-3352594,Avie,Balshen,2001-11-09,female,Accounting,154603,Avie_Ba.R@example.com,REMOTE
23-5160130,Jessee,Balsom,1977-08-08,male,Sales,174866,Jessee_Ba.H@example.com,HYBRID
80-1470654,Orel,Balstone,1999-05-02,male,Accounting,140255,Orel_Ba.R@example.com,REMOTE
48-3946582,Jacinthe,Balstone,1977-12-09,male,Engineering,173229,Jacinthe_Ba.R@example.com,REMOTE
55-9027079,Simone,Balthasar,1979-03-16,female,Engineering,150913,Simone_Ba.H@example.com,HYBRID
56-0152909,Harbert,Bamber,1972-01-02,male,"Business Development",127964,Harbert_Ba.H@example.com,HYBRID
49-8331540,Conni,Bamber,1992-11-08,male,Engineering,136345,Conni_Ba.R@example.com,REMOTE
93-5193597,Roxie,Bambrick,2001-08-31,female,Accounting,84991,Roxie_Ba.H@example.com,HYBRID
83-5117105,Currey,Bambrough,1973-05-18,male,Accounting,103146,Currey_Ba.H@example.com,HYBRID
07-6023860,Edward,Bambury,1966-11-17,male,"Business Development",112873,Edward_Ba.H@example.com,HYBRID
06-9691220,Shannah,Bamfield,1979-12-06,female,Services,158097,Shannah_Ba.R@example.com,REMOTE
48-7475639,Lindi,Bamforth,2000-06-30,male,Engineering,170244,Lindi_Ba.H@example.com,HYBRID
77-0820139,Dierdre,Bamlett,1995-02-07,male,Engineering,104198,Dierdre_Ba.R@example.com,REMOTE
78-7435440,Willard,Bampkin,2000-08-07,male,Accounting,173665,Willard_Ba.R@example.com,REMOTE
52-2387554,Brunhilde,Banane,1977-12-15,male,Support,148028,Brunhilde_Ba.H@example.com,HYBRID
00-4971801,Temple,Banasevich,1991-05-14,female,Engineering,131359,Temple_Ba.H@example.com,HYBRID
29-1089613,Fergus,Banaszczyk,1969-11-17,female,Accounting,152583,Fergus_Ba.R@example.com,REMOTE
50-0589954,Dareen,Banaszewski,1966-05-06,female,Accounting,129672,Dareen_Ba.H@example.com,HYBRID
36-2624429,Dean,Banaszkiewicz,1978-11-19,male,Accounting,79005,Dean_Ba.H@example.com,HYBRID
76-5137137,Kory,Banaszkiewicz,1978-12-20,female,Engineering,76313,Kory_Ba.R@example.com,REMOTE
67-9014220,Renard,Banaszkiewicz,1987-08-22,male,Training,96529,Renard_Ba.R@example.com,REMOTE
02-9168361,Charlotte,Banbrick,1987-04-13,male,"Research and Development",115061,Charlotte_Ba.H@example.com,HYBRID
03-1270313,Mayne,Banbrick,1967-08-04,female,Sales,144196,Mayne_Ba.R@example.com,REMOTE
36-4799436,Minerva,Banbrigge,1976-05-12,female,Sales,126715,Minerva_Ba.R@example.com,REMOTE
63-5260584,Beau,Bandey,1989-03-24,male,"Human Resources",145173,Beau_Ba.H@example.com,HYBRID
39-1651508,Darius,Bandy,2001-07-15,male,Engineering,139694,Darius_Ba.R@example.com,REMOTE
02-0702454,Shayne,Banford,1990-10-18,female,Sales,123399,Shayne_Ba.H@example.com,HYBRID
21-0875923,Lura,Bangiard,1986-03-28,female,Auditing,165986,Lura_Ba.H@example.com,HYBRID
58-1068708,Juliette,Banishevitz,1998-02-09,female,Accounting,86974,Juliette_Ba.H@example.com,HYBRID
49-2824708,Neddie,Banker,1982-07-05,male,Engineering,155206,Neddie_Ba.H@example.com,HYBRID
03-0756081,Terencio,Bann,1976-05-15,male,Engineering,78630,Terencio_Ba.H@example.com,HYBRID
30-3393269,Dottie,Bann,2002-01-15,female,"Human Resources",118162,Dottie_Ba.R@example.com,REMOTE
63-2145152,Sheila-kathryn,Bannell,1973-03-22,male,Services,148075,Sheila-kathryn_Ba.H@example.com,HYBRID
23-0567646,Glynda,Banner,1985-05-19,female,Engineering,131894,Glynda_Ba.R@example.com,REMOTE
80-4468570,Royall,Bannister,1987-11-14,female,"Business Development",95539,Royall_Ba.R@example.com,REMOTE
44-8206645,Analiese,Bannon,1965-12-11,female,Engineering,144165,Analiese_Ba.H@example.com,HYBRID
76-0851298,Harriet,Bantick,1978-10-11,female,Accounting,79104,Harriet_Ba.H@example.com,HYBRID
08-4292923,Barr,Bantock,1985-04-19,male,Accounting,88042,Barr_Ba.H@example.com,HYBRID
65-6172797,Valle,Banville,1981-01-25,female,Services,122439,Valle_Ba.R@example.com,REMOTE
13-0065303,Marchelle,Banyard,2001-01-19,female,Engineering,94464,Marchelle_Ba.H@example.com,HYBRID
30-7527273,Delilah,Baptie,1979-07-22,male,Marketing,176206,Delilah_Ba.R@example.com,REMOTE
65-4696729,Boonie,Baptista,1974-04-12,male,Accounting,126091,Boonie_Ba.R@example.com,REMOTE
22-6253917,Iona,Baptista,1994-06-24,female,"Business Development",160216,Iona_Ba.R@example.com,REMOTE
02-0157039,Meghan,Baptiste,1999-04-07,female,"Product Management",94197,Meghan_Ba.R@example.com,REMOTE
15-0923956,Debor,Barabisch,1975-04-03,male,Accounting,178621,Debor_Ba.H@example.com,HYBRID
81-2050021,Rina,Barabisch,1978-11-10,male,"Human Resources",102588,Rina_Ba.R@example.com,REMOTE
60-5355673,Madelyn,Barabisch,1989-07-14,female,Services,129139,Madelyn_Ba.H@example.com,HYBRID
02-8537525,Conrado,Baradel,1967-06-19,female,Sales,76935,Conrado_Ba.R@example.com,REMOTE
70-3772650,Roldan,Baraja,2000-01-02,male,Engineering,85570,Roldan_Ba.R@example.com,REMOTE
35-1711431,Ellen,Barajaz,1979-07-19,female,Accounting,106402,Ellen_Ba.R@example.com,REMOTE
81-0539703,Westleigh,Barbara,1984-02-17,male,"Research and Development",147124,Westleigh_Ba.H@example.com,HYBRID
56-2501774,Millicent,Barbery,1966-12-30,male,Engineering,129533,Millicent_Ba.H@example.com,HYBRID
50-3787033,Asia,Barca,1977-01-27,male,Sales,182278,Asia_Ba.H@example.com,HYBRID
39-8089875,Der,Barca,1971-03-10,female,Sales,143703,Der_Ba.R@example.com,REMOTE
83-4840803,Flossie,Barca,1986-05-09,male,Training,74241,Flossie_Ba.R@example.com,REMOTE
96-0827624,Philbert,Barclay,1969-12-03,male,"Product Management",122790,Philbert_Ba.R@example.com,REMOTE
45-2459212,Daisey,Barden,1971-10-31,male,"Product Management",92661,Daisey_Ba.H@example.com,HYBRID
83-3329231,Steward,Bardwall,1967-06-12,male,Accounting,180520,Steward_Ba.R@example.com,REMOTE
47-0234063,Clem,Bardwall,1965-10-25,female,Sales,139892,Clem_Ba.R@example.com,REMOTE
66-8627706,Rollin,Bareham,1971-12-05,female,"Business Development",120986,Rollin_Ba.H@example.com,HYBRID
45-9616013,Patrick,Bareham,1994-08-02,female,Engineering,87493,Patrick_Ba.R@example.com,REMOTE
35-4474992,Craggie,Bareham,1975-02-22,male,Sales,90470,Craggie_Ba.R@example.com,REMOTE
18-0124949,Nikola,Barens,1990-07-02,male,Engineering,159311,Nikola_Ba.R@example.com,REMOTE
81-9790250,Rudd,Barense,1987-08-16,male,"Human Resources",152944,Rudd_Ba.R@example.com,REMOTE
53-3069746,Cherilynn,Barensen,1980-05-08,male,Engineering,157054,Cherilynn_Ba.H@example.com,HYBRID
42-3491908,Lou,Barensen,1988-01-10,female,Engineering,131979,Lou_Ba.H@example.com,HYBRID
01-2937041,Hussein,Barff,1997-09-25,male,Accounting,76381,Hussein_Ba.H@example.com,HYBRID
77-7264101,Tally,Barfford,1987-11-04,female,"Product Management",85195,Tally_Ba.R@example.com,REMOTE
73-8821603,Beverlie,Barfoot,1967-12-01,female,Engineering,113195,Beverlie_Ba.H@example.com,HYBRID
64-3428672,Bernetta,Barford,1976-02-19,female,Legal,74311,Bernetta_Ba.H@example.com,HYBRID
31-4436716,Carny,Bargery,1989-12-12,male,Accounting,120385,Carny_Ba.H@example.com,HYBRID
51-3266437,Byran,Bargh,1988-11-12,female,Engineering,124759,Byran_Ba.H@example.com,HYBRID
07-8284449,Templeton,Barhams,1996-04-16,female,Engineering,99153,Templeton_Ba.R@example.com,REMOTE
83-5418987,Osgood,Barhems,1999-06-29,male,Training,152133,Osgood_Ba.R@example.com,REMOTE
84-5166071,Cyrille,Baribal,1996-01-12,female,Support,70388,Cyrille_Ba.R@example.com,REMOTE
